parent_product_part_number,product_part_number,product_name,vendor_Code,vendor_name,vendor_purchaser_code,MOQ,MCP,case_pk_CBM,planned_demand,vendor_earliest_ETD,MC1,MC2,BRAND,SKU,PUBBED,OH,T90_DAILY_AVG,F90_DAILY_AVG,AVG_LT,ost_ord,Next_Delivery,T90_DOS_OH,F90_DOS_OH,F90_DOS_OO,T90_BELOW,F90_BELOW,baseConsumption,bufferConsumption,baseDemand,bufferDemand,excess_demand
166463.0,139518,"Frisco Birthday Cake Dog & Cat Hat, X-Small/Small",3755,"HANGZHOU TIANYUAN PET PRODUCTS CO., LTD.",JADESCHACK,1500.0,50,0.052896,1000.0,2026-01-01 00:00:00,,,,,,0.0,,,129.73958333333334,0.0,,,,,,,0.0,1000.0,1500.0,1000.0,0.0
166463.0,139519,"Frisco Birthday Cake Dog & Cat Hat, Medium/Large",3755,"HANGZHOU TIANYUAN PET PRODUCTS CO., LTD.",JADESCHACK,1500.0,25,0.070756,3108.0,2026-01-01 00:00:00,,,,,,0.0,,,129.73958333333334,0.0,,,,,,,0.0,3108.0,3125.0,3108.0,0.0
189514.0,162803,"Frisco Dog & Cat Birthday Bandana, Medium/Large",3755,"HANGZHOU TIANYUAN PET PRODUCTS CO., LTD.",JADESCHACK,1500.0,150,0.019575,5806.0,2026-01-01 00:00:00,Hard Goods,Apparel,Frisco,162803,True,7931.0,26.42,98.7,127.0,6450.0,2026-02-16,300.19,80.35,65.35,False,True,15298.5,18062.100000000002,1500.0,3681.100000000002,2100.0
189514.0,248629,"Frisco Dog & Cat Birthday Bandana, X-Small/Small",3755,"HANGZHOU TIANYUAN PET PRODUCTS CO., LTD.",JADESCHACK,1500.0,250,0.024,1277.0,2026-01-01 00:00:00,Hard Goods,Apparel,Frisco,248629,True,651.0,2.51,14.77,127.0,3750.0,2026-02-16,259.36,44.08,253.89,False,True,2289.35,2702.91,1500.0,0.0,1250.0
608198.0,608214,"Frisco Dog & Cat Birthday Bandana, Pink, Medium/Large",3755,"HANGZHOU TIANYUAN PET PRODUCTS CO., LTD.",JADESCHACK,1500.0,144,0.024,1105.0,2026-01-01 00:00:00,Hard Goods,Apparel,Frisco,608214,True,3591.0,8.13,28.51,127.0,1152.0,2026-02-16,441.7,125.96,40.41,False,True,4419.05,5217.33,1584.0,474.3299999999999,576.0
608198.0,608206,"Frisco Dog & Cat Birthday Bandana, Pink, X-Small/Small",3755,"HANGZHOU TIANYUAN PET PRODUCTS CO., LTD.",JADESCHACK,1500.0,288,0.024,757.0,2026-01-01 00:00:00,Hard Goods,Apparel,Frisco,608206,True,1112.0,4.17,12.39,127.0,864.0,2026-02-16,266.67,89.75,69.73,False,True,1920.45,2267.37,1728.0,291.3699999999999,288.0
126779.0,112070,"Frisco Steel-Framed Elevated Dog Bed, Green, Small",B3722,"CAMBODIA JIANG SU ZHONG HENG PET ARTICLES JOINT-STOCK CO.,",KNGO1,252.0,6,0.04983345,252.0,2026-01-01 00:00:00,Hard Goods,Beds & Furniture,Frisco,112070,True,594.0,1.14,1.43,104.0,0.0,,521.05,415.38,0.0,False,False,188.76,228.79999999999998,252.0,0.0,252.0
126779.0,112071,"Frisco Steel-Framed Elevated Dog Bed, Green, Medium",B3722,"CAMBODIA JIANG SU ZHONG HENG PET ARTICLES JOINT-STOCK CO.,",KNGO1,252.0,6,0.05881245,252.0,2026-01-01 00:00:00,Hard Goods,Beds & Furniture,Frisco,112071,True,711.0,2.29,5.29,104.0,606.0,2026-02-25,310.48,134.4,114.56,False,False,698.28,846.4,252.0,0.0,252.0
126779.0,99229,"Frisco Steel-Framed Elevated Dog Bed, Brown, Medium",B3722,"CAMBODIA JIANG SU ZHONG HENG PET ARTICLES JOINT-STOCK CO.,",KNGO1,252.0,6,0.05881245,252.0,2026-01-01 00:00:00,Hard Goods,Beds & Furniture,Frisco,99229,True,742.0,5.70,11.88,104.0,1410.0,2025-11-28,130.18,62.46,118.69,False,True,1568.16,1900.8000000000002,252.0,0.0,252.0
126779.0,112068,"Frisco Steel-Framed Elevated Dog Bed, Terracotta, Large",B3722,"CAMBODIA JIANG SU ZHONG HENG PET ARTICLES JOINT-STOCK CO.,",KNGO1,250.0,5,0.0636771,250.0,2026-01-01 00:00:00,Hard Goods,Beds & Furniture,Frisco,112068,True,535.0,5.99,13.1,104.0,1840.0,2025-11-28,89.32,40.84,140.46,True,True,1729.2,2096.0,250.0,0.0,250.0
126779.0,112076,"Frisco Steel-Framed Elevated Dog Bed, Gray, Large",B3722,"CAMBODIA JIANG SU ZHONG HENG PET ARTICLES JOINT-STOCK CO.,",KNGO1,250.0,5,0.0636771,250.0,2026-01-01 00:00:00,Hard Goods,Beds & Furniture,Frisco,112076,True,2525.0,12.21,26.27,104.0,4210.0,2025-11-28,206.8,96.12,160.26,False,True,3467.64,4203.2,250.0,0.0,250.0
233505.0,206905,"Frisco Microfiber Towel for Cats and Dogs, 1 count",P18360,PETENGREAT CO LTD,JADESCHACK,720.0,72,0.174375,1080.0,2026-01-01 00:00:00,Hard Goods,Beauty & Grooming,Frisco,206905,True,2184.0,8.91,14.21,140.0,2232.0,2026-01-16,245.12,153.69,157.07,False,False,2387.28,2785.1600000000003,720.0,0.0,1080.0
233469.0,206869,"Frisco Soft Bristle Slicker Dog Brush, Small",P18360,PETENGREAT CO LTD,JADESCHACK,720.0,72,0.0469596749399999,720.0,2026-01-01 00:00:00,Hard Goods,Beauty & Grooming,Frisco,206869,True,2195.0,14.23,18.65,140.0,3456.0,2025-11-24,154.25,117.69,185.31,False,True,3133.2,3655.3999999999996,720.0,0.0,720.0
295456.0,269032,"Frisco Embroidered Bones Microfiber Dog Bath Towel, Gray, Large",B000064,PM&J LLC - DIRECT IMPORT,JADESCHACK,480.0,60,0.13034,480.0,2026-01-01 00:00:00,Hard Goods,Beauty & Grooming,Frisco,269032,True,2526.0,6.56,11.88,143.0,480.0,2026-01-06,385.06,212.63,40.4,False,False,2031.4800000000002,2364.1200000000003,480.0,0.0,480.0
126783.0,99232,"Frisco Replacement Cover for Steel-Framed Elevated Dog Bed, Brown, L: 43.7-in L x 32.4-in W, 1 count",B3722,"CAMBODIA JIANG SU ZHONG HENG PET ARTICLES JOINT-STOCK CO.,",KNGO1,264.0,24,0.04941,432.0,2026-01-01 00:00:00,Hard Goods,Beds & Furniture,Frisco,99232,True,2482.0,9.16,31.68,104.0,2040.0,2025-11-28,270.96,78.35,64.39,False,True,4181.76,5068.8,264.0,546.8000000000002,0.0
260236.0,276585,"Frisco Heavy Duty Enhanced Lock Double Door Fold & Carry Wire Dog Crate & Mat Kit, Red, Large",B3722,Cambodia JIANG SU ZHONG HENG PET ARTICLES JOINT-STOCK CO.,KNGO1,150.0,1,0.08799525,150.0,2026-01-01 00:00:00,Hard Goods,Containment & Gear,Frisco,276585,True,130.0,0.53,0.43,93.0,0.0,,245.28,302.33,0.0,False,False,52.03,64.07,150.0,0.0,150.0
191898.0,165206,"Frisco Quilted Orthopedic Pillow Lounger Cat & Dog Bed with Removable Cover, Beige, XX-Large",B000064,PM&J LLC - DIRECT IMPORT,JADESCHACK,252.0,6,0.48585,252.0,2026-01-01 00:00:00,Hard Goods,Beds & Furniture,Frisco,165206,True,215.0,0.97,2.76,143.0,0.0,,221.65,77.9,0.0,False,True,471.96,549.24,252.0,334.24,0.0
191898.0,165203,"Frisco Quilted Orthopedic Pillow Lounger Cat & Dog Bed with Removable Cover, Beige, Medium",B000064,PM&J LLC - DIRECT IMPORT,JADESCHACK,248.0,8,0.200928,248.0,2026-01-01 00:00:00,Hard Goods,Beds & Furniture,Frisco,165203,True,715.0,1.88,5.28,143.0,248.0,2025-12-12,380.32,135.42,46.97,False,True,902.88,1050.72,248.0,87.72000000000003,160.0
193136.0,984598,"Frisco Tie Out Cable, 40-ft",B3722,JIANG SU ZHONG HENG PET ARTICLES JOINT-STOCK CO.,KNGO1,200.0,4,0.01204125,440.0,2026-01-01 00:00:00,Hard Goods,"Leashes, Collars & Harnesses",Frisco,984598,True,213.0,7.30,9.1,104.0,1588.0,2025-11-28,29.18,23.41,174.51,True,True,1201.2,1456.0,200.0,0.0,440.0
156551.0,144812,"Frisco Sherpa Cat & Dog Throw Blanket, Light Gray Basketweave, Large",B000064,PM&J LLC - DIRECT IMPORT,JADESCHACK,288.0,48,0.27300265357218,288.0,2026-01-01 00:00:00,Hard Goods,Beds & Furniture,Frisco,144812,True,1030.0,1.93,9.23,143.0,288.0,2026-01-27,533.68,111.59,31.2,False,True,1578.3300000000002,1836.77,288.0,518.77,0.0
191898.0,232171,"Frisco Quilted Orthopedic Pillow Lounger Cat & Dog Bed with Removable Cover, Gray, Small",B000064,PM&J LLC - DIRECT IMPORT,JADESCHACK,248.0,8,0.1449,248.0,2026-01-01 00:00:00,Hard Goods,Beds & Furniture,Frisco,232171,True,805.0,2.09,7.11,143.0,576.0,2026-01-06,385.17,113.22,81.01,False,True,1215.81,1414.89,248.0,33.8900000000001,208.0
399656.0,373445,Frisco Hexagon Wall Mounted Cat Wall Shelf,3755,"HANGZHOU TIANYUAN PET PRODUCTS CO., LTD.",JADESCHACK,100.0,1,0.0345041179150084,100.0,2026-01-01 00:00:00,Hard Goods,Beds & Furniture,Frisco,373445,True,570.0,1.23,4.19,127.0,200.0,2026-01-15,463.41,136.04,47.73,False,False,649.45,766.7700000000001,100.0,0.0,100.0
236723.0,210135,"Frisco Long Faux Fur Donut Cat & Dog Bed, Sand, Small",B000064,PM&J LLC - DIRECT IMPORT,JADESCHACK,252.0,12,0.432001399681889,252.0,2026-01-01 00:00:00,Hard Goods,Beds & Furniture,Frisco,210135,True,1307.0,2.97,11.71,143.0,372.0,2026-01-27,440.07,111.61,31.77,False,True,2002.41,2330.29,252.0,651.29,0.0
1016294.0,1016302,Frisco Dog Tie-Out Stake,B3722,JIANG SU ZHONG HENG PET ARTICLES JOINT-STOCK CO.,KNGO1,204.0,6,0.038325,204.0,2026-01-01 00:00:00,Hard Goods,"Leashes, Collars & Harnesses",Frisco,1016302,True,915.0,3.57,7.4,104.0,1284.0,2026-02-25,256.3,123.65,173.51,False,False,976.8000000000001,1184.0,204.0,0.0,204.0
360144.0,333898,"Frisco Faux Long Fur Bolster Cat & Dog Couch Cover, Sand",B000064,PM&J LLC - DIRECT IMPORT,JADESCHACK,252.0,6,0.247502405711042,252.0,2026-01-01 00:00:00,Hard Goods,Beds & Furniture,Frisco,333898,True,1224.0,1.69,9.84,143.0,0.0,,724.26,124.39,0.0,False,True,1682.6399999999999,1958.16,252.0,734.1600000000001,0.0
263030.0,236538,"Frisco 41-in Faux Fur Cat Tree, Gray",P19403,"SHANDONG DONGYANGTAI HANDICRAFTS CO.,LTD",JADESCHACK,50.0,1,0.06448,800.0,2026-01-01 00:00:00,Hard Goods,Beds & Furniture,Frisco,236538,True,1160.0,5.33,8.17,119.0,1840.0,2025-12-17,217.64,141.98,225.21,False,False,1200.99,1429.75,50.0,0.0,800.0
263039.0,236547,"Frisco 40-in Faux Fur Cat Tree & Condo, Gray",P19360,FORTUNATE PTE. LTD.,JADESCHACK,300.0,1,0.0638594482930318,1100.0,2026-01-01 00:00:00,Hard Goods,Beds & Furniture,Frisco,236547,True,0.0,1.90,9.44,124.0,2040.0,2025-12-12,0.0,0.0,216.1,True,True,1434.8799999999999,1699.1999999999998,300.0,0.0,1100.0
263033.0,236542,"Frisco 55-in Faux Fur Cat Tree & Condo, Dark Charcoal",P19403,"SHANDONG DONGYANGTAI HANDICRAFTS CO.,LTD",JADESCHACK,50.0,1,0.08673,250.0,2026-01-01 00:00:00,Hard Goods,Beds & Furniture,Frisco,236542,True,1297.0,2.97,6.34,119.0,762.0,2026-01-07,436.7,204.57,120.19,False,False,931.98,1109.5,50.0,0.0,250.0
193067.0,166379,"Frisco Tie Out Cable, Small, 10-ft",B3722,JIANG SU ZHONG HENG PET ARTICLES JOINT-STOCK CO.,KNGO1,200.0,10,0.003521875,200.0,2026-01-01 00:00:00,Hard Goods,"Leashes, Collars & Harnesses",Frisco,166379,True,161.0,1.64,2.0,104.0,520.0,2025-11-28,98.17,80.5,260.0,True,True,264.0,320.0,200.0,0.0,200.0
336159.0,309857,"Frisco Stainless Steel Cat Litter Box, Large, 23-in",B3722,JIANG SU ZHONG HENG PET ARTICLES JOINT-STOCK CO.,KNGO1,3000.0,6,0.05359725,3000.0,2026-01-01 00:00:00,,,,,,0.0,,,129.73958333333334,0.0,,,,,,,0.0,3000.0,3000.0,3000.0,0.0
236723.0,210134,"Frisco Long Faux Fur Donut Cat & Dog Bed, Silver, Medium",B000064,PM&J LLC - DIRECT IMPORT,JADESCHACK,256.0,8,0.478127323692519,256.0,2026-01-01 00:00:00,Hard Goods,Beds & Furniture,Frisco,210134,True,1398.0,3.21,12.9,143.0,512.0,2026-01-27,435.51,108.37,39.69,False,True,2205.9,2567.1,256.0,657.0999999999999,0.0
167083.0,300634,"Frisco Tent Covered Cat & Dog Bed, Gray, Medium",B000064,PM&J LLC - DIRECT IMPORT,JADESCHACK,256.0,8,0.258554513136975,256.0,2026-01-01 00:00:00,Hard Goods,Beds & Furniture,Frisco,300634,True,1753.0,6.17,24.71,143.0,960.0,2026-02-03,284.12,70.94,38.85,False,True,4225.41,4917.29,256.0,2204.29,0.0
325576.0,289341,"Frisco Animal Series Cat Condo, Sloth",3755,"HANGZHOU TIANYUAN PET PRODUCTS CO., LTD.",JADESCHACK,100.0,1,0.0597479518571981,100.0,2026-01-01 00:00:00,Hard Goods,Beds & Furniture,Frisco,289341,True,358.0,1.09,4.44,127.0,448.0,2026-01-01,328.44,80.63,100.9,False,True,688.2,812.5200000000001,100.0,6.5200000000000955,93.0
193012.0,166310,Frisco Cat Metal Litter Scoop,B3722,JIANG SU ZHONG HENG PET ARTICLES JOINT-STOCK CO.,KNGO1,960.0,48,0.05103,960.0,2026-01-01 00:00:00,,,,,,0.0,,,129.73958333333334,0.0,,,,,,,0.0,960.0,960.0,960.0,0.0
140594.0,113290,"Frisco Faux Suede Donut Cuddler Cat & Dog Bed, Brown, Medium",B000064,PM&J LLC - DIRECT IMPORT,JADESCHACK,256.0,8,0.416003369612737,256.0,2026-01-01 00:00:00,Hard Goods,Beds & Furniture,Frisco,113290,True,851.0,3.50,13.29,143.0,616.0,2026-02-03,243.14,64.03,46.35,False,True,2272.5899999999997,2644.71,256.0,1177.71,0.0
396587.0,370373,"Filter Foam Replacement Filter for Drinkwell Lotus, Avalon, Pagoda, Sedona & 360 Stainless Steel Dog & Cat Water Fountains, 2 count",B3722,Cambodia JIANG SU ZHONG HENG PET ARTICLES JOINT-STOCK CO.,KNGO1,1080.0,120,0.0834204372552948,1200.0,2026-01-01 00:00:00,,,,,,0.0,,,129.73958333333334,0.0,,,,,,,0.0,1200.0,1200.0,1200.0,0.0
155158.0,128073,"Frisco 28-in Faux Fur Cat Tree & Condo, Cream",B3755,"HANGZHOU TIANYUAN PET PRODUCTS CO., LTD.(Cambodia)",JADESCHACK,100.0,1,0.03337,100.0,2026-01-01 00:00:00,Hard Goods,Beds & Furniture,Frisco,128073,True,161.0,1.22,1.86,137.0,100.0,2026-03-12,131.97,86.56,53.76,True,True,306.90000000000003,358.98,100.0,97.98000000000002,2.0
240933.0,214363,Frisco Modern Elevated Cat Bed,3755,"HANGZHOU TIANYUAN PET PRODUCTS CO., LTD.",JADESCHACK,100.0,1,0.0408377646277859,100.0,2026-01-01 00:00:00,Hard Goods,Beds & Furniture,Frisco,214363,True,652.0,2.42,5.88,127.0,619.0,2025-12-16,269.42,110.88,105.27,False,True,911.4,1076.04,100.0,0.0,100.0
204585.0,177904,"Frisco 47.5-in Modern Cat Tree & Condo, Natural",3755,"HANGZHOU TIANYUAN PET PRODUCTS CO., LTD.",JADESCHACK,100.0,1,0.076232099402542,100.0,2026-01-01 00:00:00,Hard Goods,Beds & Furniture,Frisco,177904,True,1043.0,2.92,6.72,127.0,697.0,2026-01-01,357.19,155.21,103.72,False,False,1041.6,1229.76,100.0,0.0,100.0
240956.0,214387,"Frisco 64-in Cat Tree with Hammock, Condo, 2 Top Perches with Bed, Dark Charcoal",B3755,"HANGZHOU TIANYUAN PET PRODUCTS CO., LTD.(Cambodia)",JADESCHACK,100.0,1,0.0961,500.0,2026-01-01 00:00:00,Hard Goods,Beds & Furniture,Frisco,214387,True,2825.0,5.81,15.51,137.0,697.0,2026-02-11,486.23,182.14,44.94,False,False,2559.15,2993.43,100.0,0.0,500.0
155168.0,128083,"Frisco 24-in 2-Story Faux Fur Cat Condo, Cream",7701,TIANJIN QINGQUAN PET PRODUCTS CO. LTD,JADESCHACK,100.0,1,0.11921175,100.0,2026-01-01 00:00:00,Hard Goods,Beds & Furniture,Frisco,128083,True,733.0,5.47,9.14,136.0,750.0,2026-01-05,134.0,80.2,82.06,True,True,1498.96,1754.88,100.0,271.8800000000001,0.0
240953.0,214384,"Frisco 73-in Cat Tree with Hammock, Condo, Lounge Basket, Top Perch & Bed, Dark Charcoal",B3755,"HANGZHOU TIANYUAN PET PRODUCTS CO., LTD.(Cambodia)",JADESCHACK,100.0,1,0.106392,100.0,2026-01-01 00:00:00,Hard Goods,Beds & Furniture,Frisco,214384,True,657.0,1.91,2.65,137.0,130.0,2026-03-10,343.98,247.92,49.06,False,False,437.25,511.45,100.0,0.0,100.0
204588.0,177907,"Frisco 28.5-in Modern Cat Tree & Condo, Natural",3755,"HANGZHOU TIANYUAN PET PRODUCTS CO., LTD.",JADESCHACK,100.0,1,0.0544509703073835,100.0,2026-01-01 00:00:00,Hard Goods,Beds & Furniture,Frisco,177907,True,219.0,1.03,1.73,127.0,200.0,2026-01-29,212.62,126.59,115.61,False,True,268.15,316.59,100.0,0.0,100.0
119897.0,163742,"Frisco 52-in Faux Fur Cat Tree & Condo, Blue",B3755,"HANGZHOU TIANYUAN PET PRODUCTS CO., LTD.(Cambodia)",JADESCHACK,100.0,1,0.064896,100.0,2026-01-01 00:00:00,Hard Goods,Beds & Furniture,Frisco,163742,True,180.0,2.00,3.66,137.0,205.0,2025-12-01,90.0,49.18,56.01,True,True,603.9,706.38,100.0,321.38,0.0
156551.0,144811,"Frisco Sherpa Cat & Dog Throw Blanket, Light Gray Basketweave, Small",B000064,PM&J LLC - DIRECT IMPORT,JADESCHACK,288.0,48,0.169000821341774,384.0,2026-01-01 00:00:00,Hard Goods,Beds & Furniture,Frisco,144811,True,1187.0,3.18,10.85,143.0,288.0,2026-01-06,373.27,109.4,26.54,False,True,1855.35,2159.15,384.0,684.1500000000001,0.0
360110.0,333864,"Frisco Sherpa Self-Warming High-Walled Bolster Small Cat Bed, Calico Cat",B000064,PM&J LLC - DIRECT IMPORT,JADESCHACK,252.0,12,0.199421938371297,252.0,2026-01-01 00:00:00,Hard Goods,Beds & Furniture,Frisco,333864,True,6522.0,26.12,64.54,143.0,1236.0,2026-01-27,249.69,101.05,19.15,False,True,11036.340000000002,12843.460000000001,252.0,5085.460000000001,0.0
323016.0,296671,"Frisco Elevated Modern Wrought Iron Cat Bed with Long Faux Fur Cushion, One Tier",3755,"HANGZHOU TIANYUAN PET PRODUCTS CO., LTD.",JADESCHACK,100.0,1,0.0317366613043542,100.0,2026-01-01 00:00:00,Hard Goods,Beds & Furniture,Frisco,296671,True,680.0,2.47,8.41,127.0,667.0,2026-01-15,275.3,80.86,79.31,False,True,1303.55,1539.03,100.0,192.02999999999997,0.0
263025.0,236533,"Frisco 21-in Sisal Cat Scratching Post with Toy & Groomer, Gray, 1 count",P19403,"SHANDONG DONGYANGTAI HANDICRAFTS CO.,LTD",JADESCHACK,50.0,1,0.026418,50.0,2026-01-01 00:00:00,Hard Goods,Beds & Furniture,Frisco,236533,True,1122.0,3.56,5.72,119.0,143.0,2026-01-07,315.17,196.15,25.0,False,False,840.8399999999999,1001.0,50.0,0.0,50.0
236723.0,230722,"Frisco Long Faux Fur Donut Cat & Dog Bed, Smoky Gray, X-Large",B000064,PM&J LLC - DIRECT IMPORT,JADESCHACK,252.0,4,0.701805684601488,256.0,2026-01-01 00:00:00,Hard Goods,Beds & Furniture,Frisco,230722,True,746.0,1.79,6.21,143.0,0.0,,416.76,120.13,0.0,False,True,1061.91,1235.79,256.0,489.78999999999996,0.0
816654.0,816686,"Frisco Plush Cat & Dog Throw Blanket, Leopard Heart Paws, 40-in",3755,"HANGZHOU TIANYUAN PET PRODUCTS CO., LTD.",JADESCHACK,504.0,18,0.0405502783235155,576.0,2026-01-01 00:00:00,Hard Goods,Beds & Furniture,Frisco,816686,True,6218.0,10.34,33.98,127.0,1296.0,2026-01-22,601.35,182.99,38.14,False,False,5266.9,6218.339999999999,504.0,0.0,576.0
236723.0,230720,"Frisco Long Faux Fur Donut Cat & Dog Bed, Smoky Gray, Medium",B000064,PM&J LLC - DIRECT IMPORT,JADESCHACK,256.0,8,0.478127323692519,496.0,2026-01-01 00:00:00,Hard Goods,Beds & Furniture,Frisco,230720,True,2755.0,7.10,32.63,143.0,1128.0,2026-02-03,388.03,84.43,34.57,False,True,5579.7300000000005,6493.370000000001,496.0,2610.370000000001,0.0
279020.0,252556,"Frisco Sofa Pet Bed with Removable Cover, Gray, Medium",3755,"HANGZHOU TIANYUAN PET PRODUCTS CO., LTD.",JADESCHACK,100.0,1,0.215674048173044,104.0,2026-01-01 00:00:00,Hard Goods,Beds & Furniture,Frisco,252556,True,640.0,1.37,5.84,127.0,229.0,2026-01-26,467.15,109.59,39.21,False,True,905.1999999999999,1068.72,100.0,199.72000000000003,0.0
279020.0,252559,"Frisco Sofa Pet Bed with Removable Cover, Beige, Large",3755,"HANGZHOU TIANYUAN PET PRODUCTS CO., LTD.",JADESCHACK,100.0,1,0.28012836142016,123.0,2026-01-01 00:00:00,Hard Goods,Beds & Furniture,Frisco,252559,True,909.0,1.80,6.6,127.0,123.0,2026-02-16,505.0,137.73,18.64,False,False,1023.0,1207.8,100.0,175.79999999999995,0.0
132543.0,105072,"Frisco 28-in Faux Fur Cat Tree, Animal Print",B3755,"HANGZHOU TIANYUAN PET PRODUCTS CO., LTD.(Cambodia)",JADESCHACK,100.0,1,0.045333,100.0,2026-01-01 00:00:00,Hard Goods,Beds & Furniture,Frisco,105072,True,77.0,2.59,2.61,137.0,402.0,2026-02-11,29.73,29.5,154.02,True,True,430.65,503.72999999999996,100.0,24.72999999999996,75.0
132539.0,101801,"Frisco 48-in Faux Fur Cat Tree & Condo, Brown",B3755,"HANGZHOU TIANYUAN PET PRODUCTS CO., LTD.(Cambodia)",JADESCHACK,100.0,1,0.113715,100.0,2026-01-01 00:00:00,Hard Goods,Beds & Furniture,Frisco,101801,True,335.0,2.02,3.39,137.0,445.0,2025-11-26,165.84,98.82,131.27,False,True,559.35,654.27,100.0,0.0,100.0
236723.0,230721,"Frisco Long Faux Fur Donut Cat & Dog Bed, Smoky Gray, Large",B000064,PM&J LLC - DIRECT IMPORT,JADESCHACK,252.0,4,0.423203427932958,752.0,2026-01-01 00:00:00,Hard Goods,Beds & Furniture,Frisco,230721,True,3097.0,4.90,23.23,143.0,0.0,,632.04,133.32,0.0,False,True,3972.33,4622.77,752.0,1525.7700000000004,0.0
240939.0,214369,"Frisco Double Cube Stackable & Collapsible Cat Condo, Gray",3755,"HANGZHOU TIANYUAN PET PRODUCTS CO., LTD.",JADESCHACK,100.0,1,0.0457765,220.0,2026-01-01 00:00:00,Hard Goods,Beds & Furniture,Frisco,214369,True,47.0,1.79,2.11,127.0,230.0,2026-02-16,26.26,22.27,109.0,True,True,327.04999999999995,386.13,100.0,109.13,110.0
140586.0,113276,"Frisco Faux Suede Bolster Cat & Dog Bed, Khaki Green, Large",B000064,PM&J LLC - DIRECT IMPORT,JADESCHACK,252.0,4,0.256002073607838,1496.0,2026-01-01 00:00:00,Hard Goods,Beds & Furniture,Frisco,113276,True,10351.0,10.20,61.4,143.0,0.0,,1014.8,168.58,0.0,False,False,10499.4,12218.6,252.0,1867.6000000000004,0.0
240924.0,214353,"Frisco Wall Sisal Cat Scratcher, Gray, Small",B3755,"HANGZHOU TIANYUAN PET PRODUCTS CO., LTD.(Cambodia)",JADESCHACK,100.0,10,0.0607115,410.0,2026-01-01 00:00:00,Hard Goods,Beds & Furniture,Frisco,214353,True,1714.0,5.49,8.63,137.0,510.0,2026-02-11,312.2,198.61,59.1,False,False,1423.95,1665.5900000000001,100.0,0.0,410.0
263033.0,236541,"Frisco 55-in Faux Fur Cat Tree & Condo, Gray",P19403,"SHANDONG DONGYANGTAI HANDICRAFTS CO.,LTD",JADESCHACK,50.0,1,0.08673,125.0,2026-01-01 00:00:00,,,,,,0.0,,,129.73958333333334,0.0,,,,,,,0.0,125.0,125.0,125.0,0.0
207058.0,180390,"Frisco 33-in Faux Fur Cat Tree & Condo, Dark Charcoal",7701,TIANJIN QINGQUAN PET PRODUCTS CO. LTD,JADESCHACK,100.0,1,0.0729123543530854,541.0,2026-01-01 00:00:00,Hard Goods,Beds & Furniture,Frisco,180390,True,1009.0,4.87,13.56,136.0,541.0,2026-01-16,207.19,74.41,39.9,False,True,2223.84,2603.52,541.0,1053.52,0.0
240924.0,214352,"Frisco Wall Sisal Cat Scratcher, Cream, Small",B3755,"HANGZHOU TIANYUAN PET PRODUCTS CO., LTD.(Cambodia)",JADESCHACK,100.0,10,0.0607115,380.0,2026-01-01 00:00:00,Hard Goods,Beds & Furniture,Frisco,214352,True,2704.0,8.23,14.23,137.0,880.0,2026-02-11,328.55,190.02,61.84,False,False,2347.9500000000003,2746.39,100.0,0.0,380.0
240924.0,214354,"Frisco Wall Sisal Cat Scratcher, Cream, Large",B3755,"HANGZHOU TIANYUAN PET PRODUCTS CO., LTD.(Cambodia)",JADESCHACK,100.0,10,0.0951555,220.0,2026-01-01 00:00:00,Hard Goods,Beds & Furniture,Frisco,214354,True,3617.0,18.64,27.7,137.0,2720.0,2025-12-16,194.05,130.58,98.19,False,True,4570.5,5346.099999999999,100.0,0.0,220.0
207058.0,180389,"Frisco 33-in Faux Fur Cat Tree & Condo, Gray",7701,TIANJIN QINGQUAN PET PRODUCTS CO. LTD,JADESCHACK,100.0,1,0.0729128268265449,478.0,2026-01-01 00:00:00,Hard Goods,Beds & Furniture,Frisco,180389,True,1670.0,7.47,14.1,136.0,585.0,2026-01-05,223.56,118.44,41.49,False,True,2312.4,2707.2,100.0,452.1999999999998,25.0
236723.0,210136,"Frisco Long Faux Fur Donut Cat & Dog Bed, Sand, Medium",B000064,PM&J LLC - DIRECT IMPORT,JADESCHACK,256.0,8,0.478129647396331,672.0,2026-01-01 00:00:00,Hard Goods,Beds & Furniture,Frisco,210136,True,1695.0,3.88,15.91,143.0,256.0,2026-01-06,436.86,106.54,16.09,False,True,2720.61,3166.09,672.0,1215.0900000000001,0.0
140608.0,113298,"Frisco Faux Suede Pillow Cat & Dog Bed with Removable Cover, Brown, X-Large",B000064,PM&J LLC - DIRECT IMPORT,JADESCHACK,252.0,4,0.336001088641469,384.0,2026-01-01 00:00:00,Hard Goods,Beds & Furniture,Frisco,113298,True,2651.0,4.96,19.88,143.0,364.0,2026-02-03,534.48,133.35,18.31,False,True,3399.48,3956.12,384.0,941.1199999999999,0.0
279020.0,252557,"Frisco Sofa Pet Bed with Removable Cover, Beige, Medium",3755,"HANGZHOU TIANYUAN PET PRODUCTS CO., LTD.",JADESCHACK,100.0,1,0.215673,101.0,2026-01-01 00:00:00,Hard Goods,Beds & Furniture,Frisco,252557,True,40.0,0.88,2.98,127.0,101.0,2026-02-16,45.45,13.42,33.89,True,True,461.9,545.34,101.0,404.34000000000003,0.0
279030.0,252566,"Frisco 62-in Faux Fur Cat Tree & Condo with Hammock, Cream",7701,TIANJIN QINGQUAN PET PRODUCTS CO. LTD,JADESCHACK,100.0,1,0.0818407954884513,201.0,2026-01-01 00:00:00,Hard Goods,Beds & Furniture,Frisco,252566,True,466.0,1.97,3.03,136.0,201.0,2026-01-16,236.55,153.8,66.34,False,False,496.91999999999996,581.76,100.0,0.0,201.0
240924.0,214355,"Frisco Wall Sisal Cat Scratcher, Gray, Large",B3755,"HANGZHOU TIANYUAN PET PRODUCTS CO., LTD.(Cambodia)",JADESCHACK,100.0,10,0.0951555,630.0,2026-01-01 00:00:00,Hard Goods,Beds & Furniture,Frisco,214355,True,3350.0,11.27,15.48,137.0,630.0,2026-03-10,297.25,216.41,40.7,False,False,2554.2000000000003,2987.64,100.0,0.0,630.0
132545.0,211408,"Frisco 20-in Faux Fur Cat Tree, Cheetah",B3755,"HANGZHOU TIANYUAN PET PRODUCTS CO., LTD.(Cambodia)",JADESCHACK,100.0,1,0.02467125,340.0,2026-01-01 00:00:00,Hard Goods,Beds & Furniture,Frisco,211408,True,2972.0,14.57,23.17,137.0,2101.0,2025-12-01,203.98,128.27,90.68,False,True,3823.05,4471.81,100.0,0.0,340.0
323016.0,296670,"Frisco Elevated Modern Wrought Iron Cat Bed with Long Faux Fur Cushion, Two Tier",3755,"HANGZHOU TIANYUAN PET PRODUCTS CO., LTD.",JADESCHACK,100.0,1,0.0544027482306512,547.0,2026-01-01 00:00:00,Hard Goods,Beds & Furniture,Frisco,296670,True,1367.0,3.16,10.15,127.0,682.0,2026-01-26,432.59,134.68,67.19,False,False,1573.25,1857.45,100.0,0.0,547.0
240935.0,214365,Frisco Modern Elevated Tunnel Cat Bed,3755,"HANGZHOU TIANYUAN PET PRODUCTS CO., LTD.",JADESCHACK,100.0,1,0.0618753007131495,178.0,2026-01-01 00:00:00,Hard Goods,Beds & Furniture,Frisco,214365,True,652.0,3.74,8.07,127.0,1220.0,2025-11-25,174.33,80.79,151.18,False,True,1250.8500000000001,1476.81,100.0,0.0,178.0
240964.0,214395,"Frisco 76-in XXL Heavy Duty Cat Tree, Gray",B3755,"HANGZHOU TIANYUAN PET PRODUCTS CO., LTD.(Cambodia)",JADESCHACK,100.0,1,0.151209375,1120.0,2026-01-01 00:00:00,Hard Goods,Beds & Furniture,Frisco,214395,True,6705.0,10.21,40.98,137.0,1149.0,2026-03-10,656.71,163.62,28.04,False,False,6761.7,7909.139999999999,100.0,55.13999999999942,1064.0
119897.0,92261,"Frisco 52-in Faux Fur Cat Tree & Condo, Cream",B3755,"HANGZHOU TIANYUAN PET PRODUCTS CO., LTD.(Cambodia)",JADESCHACK,100.0,1,0.064896,257.0,2026-01-01 00:00:00,Hard Goods,Beds & Furniture,Frisco,92261,True,1490.0,8.71,19.03,137.0,1881.0,2025-12-01,171.07,78.3,98.84,False,True,3139.9500000000003,3672.7900000000004,100.0,301.7900000000004,0.0
193421.0,166719,"Frisco 42-in Heavy Duty Faux Fur Cat Tree & Condo, Cream",7701,TIANJIN QINGQUAN PET PRODUCTS CO. LTD,JADESCHACK,100.0,1,0.0891255775317153,792.0,2026-01-01 00:00:00,Hard Goods,Beds & Furniture,Frisco,166719,True,4101.0,28.88,52.95,136.0,4506.0,2026-01-09,142.0,77.45,85.1,False,True,8683.800000000001,10166.400000000001,100.0,1559.4000000000015,0.0
167085.0,211405,"Frisco 21-in Sisal Cat Scratching Post with Toy, Cheetah, 1 count",7701,TIANJIN QINGQUAN PET PRODUCTS CO. LTD,JADESCHACK,100.0,1,0.00990012830479678,113.0,2026-01-01 00:00:00,Hard Goods,Beds & Furniture,Frisco,211405,True,1855.0,11.99,16.49,136.0,683.0,2025-12-17,154.71,112.49,41.42,False,True,2704.3599999999997,3166.08,113.0,628.0799999999999,0.0
129325.0,211410,"Frisco 72-in Faux Fur Cat Tree & Condo, Cheetah",7701,TIANJIN QINGQUAN PET PRODUCTS CO. LTD,JADESCHACK,100.0,1,0.125868282812465,141.0,2026-01-01 00:00:00,Hard Goods,Beds & Furniture,Frisco,211410,True,734.0,2.27,3.98,136.0,141.0,2026-01-16,323.35,184.42,35.43,False,False,652.72,764.16,100.0,0.0,141.0
804622.0,804630,"Frisco Plush Cat Window Perch with Removeable Bolster, Cream",B3755,"HANGZHOU TIANYUAN PET PRODUCTS CO., LTD.(Cambodia)",JADESCHACK,100.0,1,0.022154,210.0,2026-01-01 00:00:00,Hard Goods,Beds & Furniture,Frisco,804630,True,3443.0,31.77,58.63,137.0,2226.0,2026-01-12,108.37,58.72,37.97,True,True,9673.95,11315.59,210.0,5646.59,0.0
264646.0,238156,"Frisco 59.5-in Heavy Duty Faux Fur Cat Tree & Condo, Gray",P19403,"SHANDONG DONGYANGTAI HANDICRAFTS CO.,LTD",JADESCHACK,50.0,1,0.1176,58.0,2026-01-01 00:00:00,Hard Goods,Beds & Furniture,Frisco,238156,True,325.0,0.94,1.38,119.0,272.0,2026-01-07,345.74,235.51,197.1,False,False,202.85999999999999,241.49999999999997,50.0,0.0,58.0
207064.0,180395,"Frisco 61-in Faux Fur Cat Tree & Condo, Gray",B3755,"HANGZHOU TIANYUAN PET PRODUCTS CO., LTD.(Cambodia)",JADESCHACK,100.0,1,0.086925,155.0,2026-01-01 00:00:00,Hard Goods,Beds & Furniture,Frisco,180395,True,3539.0,18.00,52.19,137.0,155.0,2026-03-10,196.61,67.81,2.97,False,True,8611.35,10072.67,155.0,6378.67,0.0
155161.0,128075,"Frisco 33-in Heavy Duty Sisal Cat Scratching Post, Cream",B3755,"HANGZHOU TIANYUAN PET PRODUCTS CO., LTD.(Cambodia)",JADESCHACK,100.0,1,0.0409605,2500.0,2026-01-01 00:00:00,Hard Goods,Beds & Furniture,Frisco,128075,True,725.0,36.67,145.26,137.0,34086.0,2025-11-07,19.77,4.99,234.66,True,True,23967.899999999998,28035.179999999997,100.0,0.0,2500.0
155161.0,128079,"Frisco 33-in Heavy Duty Sisal Cat Scratching Post, Brown",B3755,"HANGZHOU TIANYUAN PET PRODUCTS CO., LTD.(Cambodia)",JADESCHACK,100.0,1,0.0409605,300.0,2026-01-01 00:00:00,Hard Goods,Beds & Furniture,Frisco,128079,True,358.0,37.53,53.52,137.0,11609.0,2025-11-07,9.54,6.69,216.91,True,True,8830.800000000001,10329.36,100.0,0.0,300.0
155161.0,163749,"Frisco 33-in Heavy Duty Sisal Cat Scratching Post, Gray",B3755,"HANGZHOU TIANYUAN PET PRODUCTS CO., LTD.(Cambodia)",JADESCHACK,100.0,1,0.0409605,3000.0,2026-01-01 00:00:00,Hard Goods,Beds & Furniture,Frisco,163749,True,4978.0,90.23,132.1,137.0,26979.0,2025-12-01,55.17,37.68,204.23,True,True,21796.5,25495.3,100.0,0.0,3000.0
240961.0,214391,"Frisco 65-in XXL Heavy Duty Cat Tree, Cream",B3755,"HANGZHOU TIANYUAN PET PRODUCTS CO., LTD.(Cambodia)",JADESCHACK,100.0,1,0.122923125,150.0,2026-01-01 00:00:00,Hard Goods,Beds & Furniture,Frisco,214391,True,30.0,6.66,9.45,137.0,1429.0,2025-11-25,4.5,3.17,151.22,True,True,1559.2499999999998,1823.85,101.0,364.8499999999999,0.0
186593.0,159865,"Frisco Stainless Steel Bowl, Small: 1 cup",P000579,"GO FETCH, LLC",MWILSON,200.0,144,0.011872427868,11310.0,2026-01-01 00:00:00,Hard Goods,Bowls & Feeders,Frisco,159865,True,2356.0,8.87,29.91,165.0,0.0,,265.61,78.77,0.0,False,True,5772.63,6610.11,3456.0,4254.11,6912.0
231074.0,204461,"Frisco Saucer Cat Bowl, Red, 1 cup, 1 count",P000579,"GO FETCH, LLC",MWILSON,216.0,24,0.008130032127,2464.0,2026-01-01 00:00:00,,,,,,0.0,,,129.73958333333334,0.0,,,,,,,0.0,2464.0,2472.0,2464.0,0.0
907006.0,907014,Frisco Slow Feeder Insert,3755,"HANGZHOU TIANYUAN PET PRODUCTS CO., LTD.",JADESCHACK,800.0,50,0.027608,800.0,2026-01-01 00:00:00,Hard Goods,Bowls & Feeders,Frisco,907014,True,3468.0,19.73,24.31,127.0,3550.0,2025-12-16,175.77,142.66,146.03,False,False,3768.0499999999997,4448.73,800.0,0.0,800.0
282530.0,256074,"Frisco Bones Non-skid Ceramic Dog & Cat Bowl, Medium: 4 cup, 1 count",P19684,BENCHMARK HOME PRODUCTS(H.K.). LIMITED,MWILSON,600.0,8,0.0787422894781757,664.0,2026-01-01 00:00:00,Hard Goods,Bowls & Feeders,Frisco,256074,True,751.0,9.87,14.93,142.0,2648.0,2026-01-02,76.09,50.3,177.36,True,True,2538.1,2956.14,600.0,0.0,664.0
1475182.0,1475190,"Frisco Double Insulated Non-skid Stainless Steel Dog Bowl With Lid, Black, Medium: 4 cup",P18545,"SUPER DESIGN MANUFACTURE CO ., LTD ZHUHAI",MWILSON,612.0,18,0.051516,612.0,2026-01-01 00:00:00,Hard Goods,Bowls & Feeders,Frisco,1475190,True,130.0,0.64,0.35,122.0,0.0,,203.13,371.43,0.0,False,False,52.5,62.3,612.0,0.0,612.0
1475182.0,1475206,"Frisco Double Insulated Non-skid Stainless Steel Dog Bowl With Lid, Blue, Medium: 4 cup",P18545,"SUPER DESIGN MANUFACTURE CO ., LTD ZHUHAI",MWILSON,612.0,18,0.051516,612.0,2026-01-01 00:00:00,Hard Goods,Bowls & Feeders,Frisco,1475206,True,59.0,0.91,0.76,122.0,0.0,,64.84,77.63,0.0,True,True,114.0,135.28,612.0,76.28,522.0
282530.0,256073,"Frisco Bones Non-skid Ceramic Dog & Cat Bowl, Small: 2 cup, 1 count",P19684,BENCHMARK HOME PRODUCTS(H.K.). LIMITED,MWILSON,600.0,12,0.0749735485171194,600.0,2026-01-01 00:00:00,Hard Goods,Bowls & Feeders,Frisco,256073,True,1578.0,9.82,13.48,142.0,2544.0,2026-01-02,160.69,117.06,188.72,False,True,2291.6,2669.04,600.0,0.0,600.0
296604.0,270188,"Frisco Modern Gold Rim Ceramic Bowl, Deep Sea Blue, Large: 8 cup",P19684,BENCHMARK HOME PRODUCTS(H.K.). LIMITED,MWILSON,600.0,6,0.0740922,600.0,2026-01-01 00:00:00,Hard Goods,Bowls & Feeders,Frisco,270188,True,1331.0,6.99,10.07,142.0,1278.0,2026-02-06,190.41,132.17,126.91,False,True,1711.9,1993.8600000000001,600.0,0.0,600.0
186593.0,159867,"Frisco Stainless Steel Bowl, 7 cup",P000579,"GO FETCH, LLC",MWILSON,216.0,72,0.014600874024,589.0,2026-01-01 00:00:00,Hard Goods,Bowls & Feeders,Frisco,159867,True,242.0,21.81,23.67,165.0,2880.0,2026-01-10,11.1,10.22,121.67,True,True,4568.31,5231.070000000001,648.0,2109.0700000000006,0.0
303976.0,277571,"Frisco Dark Wooden Triple Elevated Stainless Steel Dog & Cat Bowl, Dark Wooden, Medium: 3 cup",P000579,"GO FETCH, LLC",MWILSON,152.0,4,0.099698897376,524.0,2026-01-01 00:00:00,Hard Goods,Bowls & Feeders,Frisco,277571,True,84.0,3.19,5.14,165.0,0.0,,26.33,16.34,0.0,True,True,992.02,1135.9399999999998,524.0,1051.9399999999998,0.0
242586.0,216029,"Frisco Slanted Stainless Steel Bowl, Black, 1 cup, 1 count",P18545,"SUPER DESIGN MANUFACTURE CO ., LTD ZHUHAI",MWILSON,504.0,12,0.0520657199999999,504.0,2026-01-01 00:00:00,Hard Goods,Bowls & Feeders,Frisco,216029,True,1156.0,3.51,3.78,122.0,0.0,,329.34,305.82,0.0,False,False,567.0,672.8399999999999,504.0,0.0,504.0
279530.0,253066,"Frisco Melamine Slow Feed Dog & Cat Bowl with Gold Trim, Cream, X-Small: 0.5 cup",P18545,"SUPER DESIGN MANUFACTURE CO ., LTD ZHUHAI",MWILSON,504.0,24,0.037376,504.0,2026-01-01 00:00:00,Hard Goods,Bowls & Feeders,Frisco,253066,True,1010.0,3.46,4.29,122.0,0.0,,291.91,235.43,0.0,False,False,643.5,763.62,504.0,0.0,504.0
242577.0,216020,"Frisco Stainless Steel Bowl with Elevated Stand, Black, Medium: 3 cup, 1 count",P18545,"SUPER DESIGN MANUFACTURE CO ., LTD ZHUHAI",MWILSON,500.0,4,0.0599488,500.0,2026-01-01 00:00:00,Hard Goods,Bowls & Feeders,Frisco,216020,True,1427.0,6.61,8.89,122.0,800.0,2026-01-16,215.89,160.52,89.99,False,False,1333.5,1582.42,500.0,0.0,500.0
258588.0,232081,"Frisco Double-Sided Ceramic Elevated Cat Bowl, Small, 1 count",P18545,"SUPER DESIGN MANUFACTURE CO ., LTD ZHUHAI",MWILSON,500.0,4,0.037843624,500.0,2026-01-01 00:00:00,Hard Goods,Bowls & Feeders,Frisco,232081,True,4861.0,16.61,21.21,122.0,820.0,2025-12-10,292.66,229.18,38.66,False,False,3181.5,3775.38,500.0,0.0,500.0
303972.0,277562,"Frisco Curved Triple Feeder Stainless Steel Dog & Cat Bowl, Small: 1 cup",P000579,"GO FETCH, LLC",MWILSON,150.0,6,0.03736250592,168.0,2026-01-01 00:00:00,Hard Goods,Bowls & Feeders,Frisco,277562,True,679.0,1.81,2.44,165.0,0.0,,375.14,278.28,0.0,False,False,470.92,539.24,150.0,0.0,168.0
303972.0,277563,"Frisco Curved Triple Feeder Stainless Steel Dog & Cat Bowl, Medium: 3 cup",P000579,"GO FETCH, LLC",MWILSON,150.0,6,0.128310711119999,150.0,2026-01-01 00:00:00,Hard Goods,Bowls & Feeders,Frisco,277563,True,525.0,1.84,3.24,165.0,0.0,,285.33,162.04,0.0,False,True,625.32,716.0400000000001,150.0,191.04000000000008,0.0
170834.0,143967,"Frisco Water Resistant Hammock Car Seat Cover, Regular, Grey",P000544,SHANGHAI SENFUL CO LTD,JADESCHACK,300.0,12,0.06786,300.0,2026-01-01 00:00:00,Hard Goods,Containment & Gear,Frisco,143967,True,228.0,0.62,0.87,127.0,300.0,2026-02-06,367.74,262.07,344.83,False,False,134.85,159.21,300.0,0.0,300.0
170836.0,344336,"Frisco Quilted Water Resistant Hammock Car Seat Cover, Gray, X-Large",P000544,SHANGHAI SENFUL CO LTD,JADESCHACK,300.0,4,0.093398,300.0,2026-01-01 00:00:00,Hard Goods,Containment & Gear,Frisco,344336,True,175.0,0.70,0.96,127.0,300.0,2026-02-06,250.0,182.29,312.5,False,False,148.79999999999998,175.68,300.0,0.0,300.0
1783966.0,1783974,Frisco Sheep Cuddler Dog & Cat Bed,B3755,"HANGZHOU TIANYUAN PET PRODUCTS CO., LTD.(Cambodia)",JADESCHACK,250.0,6,0.22059,725.0,2026-01-01 00:00:00,Hard Goods,Beds & Furniture,Frisco,1783974,True,444.0,0.99,10.82,137.0,1032.0,2026-02-18,448.48,41.04,95.38,False,True,1785.3,2088.26,312.0,612.2600000000002,108.0
333315.0,306999,"Frisco Collapsible Cat Cage, Litter Box, & Mat, Animal Sketch",3755,"HANGZHOU TIANYUAN PET PRODUCTS CO., LTD.",JADESCHACK,504.0,6,0.065348,504.0,2026-01-01 00:00:00,Hard Goods,Containment & Gear,Frisco,306999,True,492.0,1.72,1.54,127.0,504.0,2026-02-16,286.05,319.48,327.27,False,False,238.70000000000002,281.82,504.0,0.0,504.0
387215.0,360993,"Frisco 3 in 1 Dog & Cat Stroller with Detachable Carrier, Black",P000544,SHANGHAI SENFUL CO LTD,JADESCHACK,500.0,1,0.07821,500.0,2026-01-01 00:00:00,Hard Goods,Containment & Gear,Frisco,360993,True,460.0,1.20,1.52,127.0,500.0,2026-02-06,383.33,302.63,328.95,False,False,235.6,278.16,500.0,0.0,500.0
284808.0,258354,"Frisco Adjustable Dog Seatbelt Tether, Reflective Black, Length: 3-ft, Width: 1-in, 1 count",P000544,SHANGHAI SENFUL CO LTD,JADESCHACK,1000.0,100,0.0233278946790694,1000.0,2026-01-01 00:00:00,Hard Goods,Containment & Gear,Frisco,258354,True,1573.0,4.58,7.36,127.0,1000.0,2026-02-06,343.45,213.72,135.87,False,False,1140.8,1346.88,1000.0,0.0,1000.0
239201.0,212618,"Frisco Heavy Duty Fold & Carry Double Door Collapsible Wire Dog Crate & Mat Kit, X-Large",B000164,PM&J LLC,JADESCHACK,250.0,1,0.109766996262987,250.0,2026-01-01 00:00:00,Hard Goods,Containment & Gear,Frisco,212618,True,338.0,1.20,2.09,152.0,0.0,,281.67,161.72,0.0,False,False,376.2,434.71999999999997,250.0,96.71999999999997,153.0
175022.0,148196,"Frisco Replacement Tray for Ultimate Heavy Duty Steel Metal Dog Crate, 39.96 in L x 29.45 in W",P000398,TANGSHAN KANGBEI PET PRODUCTS CO. LTD,JADESCHACK,50.0,1,0.0600634379318648,50.0,2026-01-01 00:00:00,Hard Goods,Containment & Gear,Frisco,148196,True,140.0,0.56,0.9,120.0,100.0,2026-01-14,250.0,155.56,111.11,False,False,133.20000000000002,158.4,50.0,0.0,50.0
171699.0,144848,"Frisco Dog Crate Mat, Dark Gray, 42-in",B000064,PM&J LLC - DIRECT IMPORT,JADESCHACK,256.0,16,0.50224,256.0,2026-01-01 00:00:00,Hard Goods,Containment & Gear,Frisco,144848,True,893.0,3.14,5.27,143.0,256.0,2026-01-27,284.39,169.45,48.58,False,False,901.17,1048.73,256.0,0.0,256.0
277075.0,250606,"Frisco Steel 3-Panel Configurable Dog Gate, White, 30-in",P18120,NINGBO KONY METAL PRODUCTS CO LTD,JADESCHACK,100.0,1,0.0794706084992341,100.0,2026-01-01 00:00:00,Hard Goods,Containment & Gear,Frisco,250606,True,572.0,2.52,2.87,123.0,362.0,2025-11-19,226.98,199.3,126.13,False,False,433.37,513.73,100.0,0.0,100.0
387234.0,361012,"Frisco Outdoor Wooden Cat House with Balcony & Step Ladder, Brown",P20745,XIAMEN SUNNYPET PRODUCT CO LTD,JADESCHACK,100.0,1,0.097284,100.0,2026-01-01 00:00:00,Hard Goods,Containment & Gear,Frisco,361012,True,544.0,2.27,5.16,111.0,300.0,2025-12-17,239.65,105.43,58.14,False,True,717.24,861.72,100.0,17.720000000000027,82.0
137152.0,109781,"Frisco Heavy Duty Fold & Carry Single Door Collapsible Wire Dog Crate, Medium",B000164,PM&J LLC,JADESCHACK,250.0,1,0.0481291386421753,250.0,2026-01-01 00:00:00,Hard Goods,Containment & Gear,Frisco,109781,True,69.0,6.22,5.38,152.0,0.0,,11.09,12.83,0.0,True,True,968.4,1119.04,250.0,1050.04,0.0
118184.0,90503,"Frisco Quilted Dog Crate Mat, Ivory, 22-in",B000064,PM&J LLC - DIRECT IMPORT,JADESCHACK,252.0,12,0.09405,252.0,2026-01-01 00:00:00,Hard Goods,Containment & Gear,Frisco,90503,True,2534.0,8.36,12.52,143.0,0.0,,303.11,202.4,0.0,False,False,2140.92,2491.48,252.0,0.0,252.0
282478.0,256022,"Frisco Cooling Orthopedic Dog Crate Mat, 42-in",B000064,PM&J LLC - DIRECT IMPORT,JADESCHACK,250.0,10,0.595296,250.0,2026-01-01 00:00:00,Hard Goods,Containment & Gear,Frisco,256022,True,1043.0,6.52,17.31,143.0,2360.0,2025-12-22,159.97,60.25,136.34,False,True,2960.0099999999998,3444.6899999999996,250.0,41.6899999999996,200.0
137160.0,109790,"Frisco Heavy Duty Fold & Carry Double Door Collapsible Wire Dog Crate, Med/Large",B000164,PM&J LLC,JADESCHACK,250.0,1,0.0674170372373978,250.0,2026-01-01 00:00:00,Hard Goods,Containment & Gear,Frisco,109790,True,1.0,5.62,11.39,152.0,0.0,,0.18,0.09,0.0,True,True,2050.2000000000003,2369.12,250.0,2368.12,0.0
213475.0,186824,"Frisco Steel Extra Wide Auto-Close Dog Gate, White, 30-in",P18120,NINGBO KONY METAL PRODUCTS CO LTD,JADESCHACK,100.0,1,0.0483884418538792,100.0,2026-01-01 00:00:00,Hard Goods,Containment & Gear,Frisco,186824,True,2814.0,14.21,17.43,123.0,2224.0,2025-11-19,198.03,161.45,127.6,False,False,2631.93,3119.97,100.0,0.0,100.0
387868.0,361648,"Frisco Steel 3-Panel Configurable Gate, 41-in Height, Black",P18120,NINGBO KONY METAL PRODUCTS CO LTD,JADESCHACK,100.0,1,0.105507141323768,100.0,2026-01-01 00:00:00,Hard Goods,Containment & Gear,Frisco,361648,True,1546.0,5.21,6.55,123.0,197.0,2025-11-19,296.74,236.03,30.08,False,False,989.05,1172.45,100.0,0.0,100.0
277071.0,250602,"Frisco Steel 8-Panel Configurable Dog Gate and Playpen, 30-in, White",P18120,NINGBO KONY METAL PRODUCTS CO LTD,JADESCHACK,100.0,1,0.120526022524586,100.0,2026-01-01 00:00:00,Hard Goods,Containment & Gear,Frisco,250602,True,3666.0,16.09,22.4,123.0,1896.0,2025-12-31,227.84,163.66,84.64,False,False,3382.3999999999996,4009.6,100.0,0.0,100.0
175022.0,148195,"Frisco Replacement Tray for Ultimate Heavy Duty Steel Metal Dog Crate, 34.65 in L x 23.82 in W",P000398,TANGSHAN KANGBEI PET PRODUCTS CO. LTD,JADESCHACK,100.0,1,0.0413878606292902,100.0,2026-01-01 00:00:00,Hard Goods,Containment & Gear,Frisco,148195,True,77.0,0.82,0.97,120.0,200.0,2026-01-14,93.9,79.38,206.19,True,True,143.56,170.72,100.0,0.0,100.0
315978.0,289631,"Frisco Faux Linen Dog Crate Cover, Brown, 42in",B000064,PM&J LLC - DIRECT IMPORT,JADESCHACK,252.0,12,0.05148,276.0,2026-01-01 00:00:00,Hard Goods,Containment & Gear,Frisco,289631,True,1052.0,4.69,5.11,143.0,300.0,2026-01-27,224.31,205.87,58.71,False,False,873.8100000000001,1016.8900000000001,252.0,0.0,276.0
1358006.0,1358014,"Frisco Cat & Dog Collapsible Stairs with Storage and Built-in Bed, Cream, 3-step",B000064,PM&J LLC - DIRECT IMPORT,JADESCHACK,500.0,2,0.09546,588.0,2026-01-01 00:00:00,Hard Goods,Containment & Gear,Frisco,1358014,True,238.0,2.03,3.16,143.0,500.0,2025-12-12,117.24,75.32,158.23,True,True,540.36,628.84,500.0,0.0,588.0
277075.0,250607,"Frisco Steel 3-Panel Configurable Dog Gate, Black, 30-in",P18120,NINGBO KONY METAL PRODUCTS CO LTD,JADESCHACK,100.0,1,0.0795261587725326,366.0,2026-01-01 00:00:00,Hard Goods,Containment & Gear,Frisco,250607,True,104.0,1.84,2.15,123.0,428.0,2025-11-19,56.52,48.37,199.07,True,True,324.65,384.84999999999997,100.0,0.0,366.0
183529.0,156782,"Frisco Deluxe Foldable Wooden Carpeted Cat & Dog Stairs, Brown, X-Large",3755,"HANGZHOU TIANYUAN PET PRODUCTS CO., LTD.",JADESCHACK,100.0,1,0.146048569427514,510.0,2026-01-01 00:00:00,Hard Goods,Containment & Gear,Frisco,156782,True,0.0,2.59,0.01,127.0,510.0,2026-02-16,0.0,0.0,51000.0,True,True,1.55,1.83,100.0,0.0,510.0
137160.0,109791,"Frisco Heavy Duty Fold & Carry Double Door Collapsible Wire Dog Crate, Large",B000164,PM&J LLC,JADESCHACK,250.0,1,0.0892797343857225,277.0,2026-01-01 00:00:00,Hard Goods,Containment & Gear,Frisco,109791,True,118.0,8.90,11.01,152.0,869.0,2026-01-12,13.26,10.72,78.93,True,True,1981.8,2290.08,277.0,1303.08,0.0
116523.0,88795,"Frisco Fold & Carry Single Door Collapsible Wire Dog Crate, Medium",B000164,PM&J LLC,JADESCHACK,250.0,1,0.0454484734285487,381.0,2026-01-01 00:00:00,Hard Goods,Containment & Gear,Frisco,88795,True,1109.0,16.42,36.64,152.0,1228.0,2026-01-23,67.54,30.27,33.52,True,True,6595.2,7621.12,381.0,5284.12,0.0
183529.0,156781,"Frisco Deluxe Foldable Wooden Carpeted Cat & Dog Stairs, Brown, Large",3755,"HANGZHOU TIANYUAN PET PRODUCTS CO., LTD.",JADESCHACK,100.0,1,0.0843983498313296,229.0,2026-01-01 00:00:00,Hard Goods,Containment & Gear,Frisco,156781,True,753.0,2.17,3.12,127.0,229.0,2026-02-16,347.0,241.35,73.4,False,False,483.6,570.96,100.0,0.0,229.0
213472.0,186820,"Frisco Steel Extra Tall Auto-Close Dog Gate, Black, 40-in",P18120,NINGBO KONY METAL PRODUCTS CO LTD,JADESCHACK,100.0,1,0.0440154,330.0,2026-01-01 00:00:00,Hard Goods,Containment & Gear,Frisco,186820,True,3694.0,17.97,24.21,123.0,2301.0,2025-12-22,205.56,152.58,95.04,False,False,3655.71,4333.59,100.0,0.0,330.0
137152.0,109782,"Frisco Heavy Duty Fold & Carry Single Door Collapsible Wire Dog Crate, Med/Large",B000164,PM&J LLC,JADESCHACK,250.0,1,0.0674170372373978,257.0,2026-01-01 00:00:00,Hard Goods,Containment & Gear,Frisco,109782,True,126.0,1.11,10.8,152.0,0.0,,113.51,11.67,0.0,True,True,1944.0000000000002,2246.4,257.0,2120.4,0.0
213472.0,186821,"Frisco Steel Extra Tall Auto-Close Dog Gate, White, 40-in",P18120,NINGBO KONY METAL PRODUCTS CO LTD,JADESCHACK,100.0,1,0.0440154,829.0,2026-01-01 00:00:00,Hard Goods,Containment & Gear,Frisco,186821,True,5029.0,26.98,37.81,123.0,4569.0,2025-11-19,186.4,133.01,120.84,False,False,5709.31,6767.990000000001,100.0,0.0,829.0
277071.0,250603,"Frisco Steel 8-Panel Configurable Dog Gate and Playpen, 30-in, Black",P18120,NINGBO KONY METAL PRODUCTS CO LTD,JADESCHACK,100.0,1,0.120527063873638,506.0,2026-01-01 00:00:00,Hard Goods,Containment & Gear,Frisco,250603,True,9860.0,34.30,45.01,123.0,1838.0,2025-12-31,287.46,219.06,40.84,False,False,6796.509999999999,8056.79,100.0,0.0,506.0
277071.0,250604,"Frisco Steel 8-Panel Configurable Dog Gate and Playpen, 30-in, Grey",P18120,NINGBO KONY METAL PRODUCTS CO LTD,JADESCHACK,100.0,1,0.120526022524586,400.0,2026-01-01 00:00:00,Hard Goods,Containment & Gear,Frisco,250604,True,2720.0,9.91,19.17,123.0,1453.0,2025-11-19,274.47,141.89,75.8,False,False,2894.67,3431.4300000000003,100.0,0.0,400.0
137152.0,109784,"Frisco Heavy Duty Fold & Carry Single Door Collapsible Wire Dog Crate, X-Large",B000164,PM&J LLC,JADESCHACK,250.0,1,0.107391082605921,707.0,2026-01-01 00:00:00,Hard Goods,Containment & Gear,Frisco,109784,True,651.0,11.16,15.93,152.0,1092.0,2026-01-14,58.33,40.87,68.55,True,True,2867.4,3313.44,707.0,1570.44,0.0
248504.0,221968,"Frisco Wood Accents Extra Tall Auto-close Dog Gate, 41-in, Black",P18120,NINGBO KONY METAL PRODUCTS CO LTD,JADESCHACK,200.0,1,0.0479566093665187,543.0,2026-01-01 00:00:00,Hard Goods,Containment & Gear,Frisco,221968,True,204.0,3.67,4.99,123.0,619.0,2025-11-19,55.59,40.88,124.05,True,True,753.49,893.21,200.0,70.21000000000004,472.0
117378.0,98763,"Frisco Dog Crate Replacement Pan, 52.5- in L x 35-in W",P000398,TANGSHAN KANGBEI PET PRODUCTS CO. LTD,JADESCHACK,100.0,1,0.0816330830690507,441.0,2026-01-01 00:00:00,Hard Goods,Containment & Gear,Frisco,98763,True,3.0,3.31,4.92,120.0,620.0,2026-01-14,0.91,0.61,126.02,True,True,728.16,865.92,106.0,242.91999999999996,198.0
233486.0,206886,Frisco Double-Row Flea Comb for Cats & Dogs,P18360,PETENGREAT CO LTD,JADESCHACK,768.0,96,0.03095931324,768.0,2026-01-01 00:00:00,,,,,,0.0,,,129.73958333333334,0.0,,,,,,,0.0,768.0,768.0,768.0,0.0
160846.0,133836,"Frisco Solid Nylon Dog Leash, Black, Medium: 6-ft long, 3/4-in wide",B000035,"COASTAL PET PRODUCTS, INC. - PRIVATE LABEL CHINA",MWILSON,36.0,36,0.01204908041792,684.0,2026-01-01 00:00:00,,,,,,0.0,,,129.73958333333334,0.0,,,,,,,0.0,684.0,684.0,684.0,0.0
768902.0,768910,"Frisco Retractable Dog Leash, Black, Small: 16-ft long, 3/8-in wide, 1 count",P24388,BEST RUN TECHNOLOGY CO LTD - PL,MWILSON,528.0,48,0.0379419567389499,624.0,2026-01-01 00:00:00,Hard Goods,"Leashes, Collars & Harnesses",Frisco,768910,True,1353.0,18.67,27.27,99.0,4032.0,2025-12-10,72.47,49.61,147.85,True,True,3463.29,4226.85,528.0,0.0,624.0
373906.0,347682,"Frisco Training Leash, Black, 50-ft",P21160,HONG KONG FEIYANG TRADING CO LIMITED,MWILSON,600.0,24,0.026496,600.0,2026-01-01 00:00:00,Hard Goods,"Leashes, Collars & Harnesses",Frisco,347682,True,154.0,4.88,6.97,128.0,0.0,,31.56,22.09,0.0,True,True,1087.32,1282.48,600.0,1128.48,0.0
160846.0,133815,"Frisco Solid Nylon Dog Leash, Pink, Small: 6-ft long, 5/8-in wide",B000035,"COASTAL PET PRODUCTS, INC. - PRIVATE LABEL CHINA",MWILSON,36.0,36,0.01204908041792,540.0,2026-01-01 00:00:00,,,,,,0.0,,,129.73958333333334,0.0,,,,,,,0.0,540.0,540.0,540.0,0.0
768902.0,768934,"Frisco Retractable Dog Leash, Pink, Small: 16-ft long, 3/8-in wide, 1 count",P24388,BEST RUN TECHNOLOGY CO LTD - PL,MWILSON,528.0,48,0.0379419977162743,528.0,2026-01-01 00:00:00,Hard Goods,"Leashes, Collars & Harnesses",Frisco,768934,True,1022.0,5.47,8.66,99.0,528.0,2026-02-23,186.84,118.01,60.97,False,False,1099.82,1342.3,528.0,0.0,528.0
323411.0,287492,"Frisco Fashion Leash, Tropical Floral, Small",B000064,PM&J LLC - DIRECT IMPORT,JADESCHACK,500.0,50,0.009,500.0,2026-01-01 00:00:00,Hard Goods,"Leashes, Collars & Harnesses",Frisco,287492,True,653.0,1.63,2.95,143.0,0.0,,400.61,221.36,0.0,False,False,504.45000000000005,587.0500000000001,500.0,0.0,500.0
323415.0,287508,"Frisco Fashion Dog Collar, XS - Neck: 8-12-in, Width: 5/8-in, Tropical Floral",B000064,PM&J LLC - DIRECT IMPORT,JADESCHACK,500.0,50,0.00418602034400394,500.0,2026-01-01 00:00:00,Hard Goods,"Leashes, Collars & Harnesses",Frisco,287508,True,982.0,2.66,4.91,143.0,0.0,,369.17,200.0,0.0,False,False,839.61,977.09,500.0,0.0,500.0
323415.0,287523,"Frisco Fashion Dog Collar, LG - Neck: 18-26 in, Width: 1-in, Tropical Floral",B000064,PM&J LLC - DIRECT IMPORT,JADESCHACK,500.0,50,0.010166,500.0,2026-01-01 00:00:00,Hard Goods,"Leashes, Collars & Harnesses",Frisco,287523,True,624.0,1.72,2.84,143.0,0.0,,362.79,219.72,0.0,False,False,485.64,565.16,500.0,0.0,500.0
317910.0,291558,"Frisco Comfort Padded Dog Collar, Malachite Green, X-Small",B000064,PM&J LLC - DIRECT IMPORT,JADESCHACK,500.0,50,0.004186,500.0,2026-01-01 00:00:00,Hard Goods,"Leashes, Collars & Harnesses",Frisco,291558,True,462.0,1.23,2.87,143.0,0.0,,375.61,160.98,0.0,False,False,490.77000000000004,571.13,500.0,109.13,350.0
317910.0,291561,"Frisco Comfort Padded Dog Collar, Jet Black, Small",B000064,PM&J LLC - DIRECT IMPORT,JADESCHACK,500.0,50,0.00483,500.0,2026-01-01 00:00:00,Hard Goods,"Leashes, Collars & Harnesses",Frisco,291561,True,243.0,0.69,0.96,143.0,0.0,,352.17,253.13,0.0,False,False,164.16,191.04,500.0,0.0,500.0
317931.0,291582,"Frisco Comfort Padded Dog Leash, Jet Black, Medium",B000064,PM&J LLC - DIRECT IMPORT,JADESCHACK,500.0,50,0.0175523030614789,500.0,2026-01-01 00:00:00,Hard Goods,"Leashes, Collars & Harnesses",Frisco,291582,True,552.0,1.10,1.83,143.0,0.0,,501.82,301.64,0.0,False,False,312.93,364.17,500.0,0.0,500.0
317910.0,291562,"Frisco Comfort Padded Dog Collar, True Navy, Small",B000064,PM&J LLC - DIRECT IMPORT,JADESCHACK,500.0,50,0.00483,500.0,2026-01-01 00:00:00,Hard Goods,"Leashes, Collars & Harnesses",Frisco,291562,True,496.0,1.27,1.68,143.0,0.0,,390.55,295.24,0.0,False,False,287.28,334.32,500.0,0.0,500.0
317931.0,291585,"Frisco Comfort Padded Dog Leash, Faded Rose, Medium",B000064,PM&J LLC - DIRECT IMPORT,JADESCHACK,500.0,50,0.0175500852931842,500.0,2026-01-01 00:00:00,Hard Goods,"Leashes, Collars & Harnesses",Frisco,291585,True,824.0,1.36,1.76,143.0,0.0,,605.88,468.18,0.0,False,False,300.96,350.24,500.0,0.0,500.0
317931.0,291583,"Frisco Comfort Padded Dog Leash, True Navy, Medium",B000064,PM&J LLC - DIRECT IMPORT,JADESCHACK,500.0,50,0.0175500852931842,500.0,2026-01-01 00:00:00,Hard Goods,"Leashes, Collars & Harnesses",Frisco,291583,True,555.0,1.72,2.97,143.0,0.0,,322.67,186.87,0.0,False,False,507.87000000000006,591.0300000000001,500.0,36.030000000000086,450.0
282908.0,256461,"Frisco Outdoor Lightweight Ripstop Nylon Dog Harness, Storm Gray, M - Girth: 20 - 28-in",B000064,PM&J LLC - DIRECT IMPORT,JADESCHACK,480.0,48,0.0844805474320259,480.0,2026-01-01 00:00:00,Hard Goods,"Leashes, Collars & Harnesses",Frisco,256461,True,561.0,0.94,1.21,143.0,0.0,,596.81,463.64,0.0,False,False,206.91,240.79,480.0,0.0,480.0
317889.0,291536,"Frisco Comfort Padded Dog Harness, True Navy, Small",B000064,PM&J LLC - DIRECT IMPORT,JADESCHACK,480.0,48,0.0429623587889545,480.0,2026-01-01 00:00:00,Hard Goods,"Leashes, Collars & Harnesses",Frisco,291536,True,1358.0,2.90,3.93,143.0,0.0,,468.28,345.55,0.0,False,False,672.03,782.07,480.0,0.0,480.0
317889.0,291540,"Frisco Comfort Padded Dog Harness, Jet Black, Medium",B000064,PM&J LLC - DIRECT IMPORT,JADESCHACK,480.0,48,0.053946903681094,480.0,2026-01-01 00:00:00,Hard Goods,"Leashes, Collars & Harnesses",Frisco,291540,True,647.0,1.62,2.34,143.0,0.0,,399.38,276.5,0.0,False,False,400.14,465.65999999999997,480.0,0.0,480.0
317889.0,291541,"Frisco Comfort Padded Dog Harness, True Navy, Medium",B000064,PM&J LLC - DIRECT IMPORT,JADESCHACK,480.0,48,0.0539402621489662,480.0,2026-01-01 00:00:00,Hard Goods,"Leashes, Collars & Harnesses",Frisco,291541,True,932.0,2.13,3.74,143.0,0.0,,437.56,249.2,0.0,False,False,639.5400000000001,744.26,480.0,0.0,480.0
350786.0,324516,"Frisco Purple Ombre Style Dog Leash, LG - Length: 6-ft, Width: 1-in",B000064,PM&J LLC - DIRECT IMPORT,JADESCHACK,480.0,48,0.015444,480.0,2026-01-01 00:00:00,Hard Goods,"Leashes, Collars & Harnesses",Frisco,324516,True,281.0,1.22,1.24,143.0,0.0,,230.33,226.61,0.0,False,False,212.04,246.76,480.0,0.0,480.0
357668.0,331416,Frisco Hands-Free Running Martingale Dog Collar,B000064,PM&J LLC - DIRECT IMPORT,JADESCHACK,480.0,48,0.0088,480.0,2026-01-01 00:00:00,Hard Goods,"Leashes, Collars & Harnesses",Frisco,331416,True,396.0,1.31,2.21,143.0,0.0,,302.29,179.19,0.0,False,False,377.90999999999997,439.79,480.0,43.79000000000002,432.0
357681.0,331423,Frisco Hands-Free Running Dog Leash,B000064,PM&J LLC - DIRECT IMPORT,JADESCHACK,480.0,48,0.0376323048203522,480.0,2026-01-01 00:00:00,Hard Goods,"Leashes, Collars & Harnesses",Frisco,331423,True,629.0,1.57,2.57,143.0,0.0,,400.64,244.75,0.0,False,False,439.46999999999997,511.42999999999995,480.0,0.0,480.0
171713.0,144859,"Frisco Plush Orthopedic Pillowtop Dog Bed w/Removable Cover, Gray, XX-Large",P000161,PM&J LLC,JADESCHACK,252.0,4,0.755115909119999,252.0,2026-01-01 00:00:00,,,,,,0.0,,,129.73958333333334,0.0,,,,,,,0.0,252.0,252.0,252.0,0.0
160846.0,133838,"Frisco Solid Nylon Dog Leash, Black, Large: 6-ft long, 1-in wide",B000035,"COASTAL PET PRODUCTS, INC. - PRIVATE LABEL CHINA",MWILSON,36.0,36,0.024079414034624,432.0,2026-01-01 00:00:00,,,,,,0.0,,,129.73958333333334,0.0,,,,,,,0.0,432.0,432.0,432.0,0.0
160846.0,133833,"Frisco Solid Nylon Dog Leash, Black, X-Small: 6-ft long, 3/8-in wide",B000035,"COASTAL PET PRODUCTS, INC. - PRIVATE LABEL CHINA",MWILSON,36.0,36,0.006355362256992,432.0,2026-01-01 00:00:00,,,,,,0.0,,,129.73958333333334,0.0,,,,,,,0.0,432.0,432.0,432.0,0.0
160846.0,133811,"Frisco Solid Nylon Dog Leash, Red, Large: 6-ft long, 1-in wide",B000035,"COASTAL PET PRODUCTS, INC. - PRIVATE LABEL CHINA",MWILSON,36.0,36,0.024079414034624,360.0,2026-01-01 00:00:00,,,,,,0.0,,,129.73958333333334,0.0,,,,,,,0.0,360.0,360.0,360.0,0.0
166940.0,140021,"Frisco Padded No Pull Dog Harness, Blue, M- Girth 22 to 34-in",B000035,"COASTAL PET PRODUCTS, INC. - PRIVATE LABEL CHINA",MWILSON,36.0,36,0.0223632295960319,324.0,2026-01-01 00:00:00,,,,,,0.0,,,129.73958333333334,0.0,,,,,,,0.0,324.0,324.0,324.0,0.0
160846.0,133835,"Frisco Solid Nylon Dog Leash, Black, Medium: 4-ft long, 3/4-in wide",B000035,"COASTAL PET PRODUCTS, INC. - PRIVATE LABEL CHINA",MWILSON,36.0,36,0.01204908041792,324.0,2026-01-01 00:00:00,,,,,,0.0,,,129.73958333333334,0.0,,,,,,,0.0,324.0,324.0,324.0,0.0
166755.0,139832,"Frisco Small Breed Soft Vest Step In Back Clip Dog Harness, Red, 15 to 18-in chest",B000035,"COASTAL PET PRODUCTS, INC. - PRIVATE LABEL CHINA",MWILSON,36.0,36,0.024344425633632,288.0,2026-01-01 00:00:00,Hard Goods,"Leashes, Collars & Harnesses",Frisco,139832,True,268.0,1.63,2.83,115.0,324.0,2025-12-30,164.42,94.7,114.49,False,True,404.69,483.93,36.0,0.0,288.0
166940.0,140028,"Frisco Padded No Pull Dog Harness, Black, L- Girth 26 to 40-in",B000035,"COASTAL PET PRODUCTS, INC. - PRIVATE LABEL CHINA",MWILSON,36.0,36,0.0439697701247999,288.0,2026-01-01 00:00:00,,,,,,0.0,,,129.73958333333334,0.0,,,,,,,0.0,288.0,288.0,288.0,0.0
179922.0,153150,"Frisco Nylon Breakaway Cat Collar with Bell, Pink, 8 to 12-in neck, 3/8-in wide",B000035,"COASTAL PET PRODUCTS, INC. - PRIVATE LABEL CHINA",MWILSON,48.0,48,0.00338255220262399,288.0,2026-01-01 00:00:00,,,,,,0.0,,,129.73958333333334,0.0,,,,,,,0.0,288.0,288.0,288.0,0.0
179922.0,153148,"Frisco Nylon Breakaway Cat Collar with Bell, Blue, 8 to 12-in neck, 3/8-in wide",B000035,"COASTAL PET PRODUCTS, INC. - PRIVATE LABEL CHINA",MWILSON,48.0,48,0.00338255220262399,288.0,2026-01-01 00:00:00,,,,,,0.0,,,129.73958333333334,0.0,,,,,,,0.0,288.0,288.0,288.0,0.0
166940.0,140022,"Frisco Padded No Pull Dog Harness, Blue, L- Girth 26 to 40-in",B000035,"COASTAL PET PRODUCTS, INC. - PRIVATE LABEL CHINA",MWILSON,36.0,36,0.0439697701247999,252.0,2026-01-01 00:00:00,,,,,,0.0,,,129.73958333333334,0.0,,,,,,,0.0,252.0,252.0,252.0,0.0
166940.0,140027,"Frisco Padded No Pull Dog Harness, Black, M- Girth 22 to 34-in",B000035,"COASTAL PET PRODUCTS, INC. - PRIVATE LABEL CHINA",MWILSON,36.0,36,0.0223632295960319,252.0,2026-01-01 00:00:00,,,,,,0.0,,,129.73958333333334,0.0,,,,,,,0.0,252.0,252.0,252.0,0.0
179922.0,153147,"Frisco Nylon Breakaway Cat Collar with Bell, Black, 8 to 12-in neck, 3/8-in wide",B000035,"COASTAL PET PRODUCTS, INC. - PRIVATE LABEL CHINA",MWILSON,48.0,48,0.00338255220262399,240.0,2026-01-01 00:00:00,,,,,,0.0,,,129.73958333333334,0.0,,,,,,,0.0,240.0,240.0,240.0,0.0
160846.0,133837,"Frisco Solid Nylon Dog Leash, Black, Large: 4-ft long, 1-in wide",B000035,"COASTAL PET PRODUCTS, INC. - PRIVATE LABEL CHINA",MWILSON,36.0,36,0.024079414034624,216.0,2026-01-01 00:00:00,,,,,,0.0,,,129.73958333333334,0.0,,,,,,,0.0,216.0,216.0,216.0,0.0
173840.0,147003,"Frisco Cow Plush Squeaky Dog Toy, Small/Medium",P000421,PETTINGZOO SHANGHAI LIMITED,MWILSON,1500.0,60,0.086944,7140.0,2026-01-01 00:00:00,,,,,,0.0,,,129.73958333333334,0.0,,,,,,,0.0,7140.0,7140.0,7140.0,0.0
173820.0,146979,"Frisco Bear Plush Squeaky Dog Toy, X-Small/Small",P000421,PETTINGZOO SHANGHAI LIMITED,MWILSON,1520.0,80,0.0413901795445486,7040.0,2026-01-01 00:00:00,,,,,,0.0,,,129.73958333333334,0.0,,,,,,,0.0,7040.0,7040.0,7040.0,0.0
179922.0,153149,"Frisco Nylon Breakaway Cat Collar with Bell, Red, 8 to 12-in neck, 3/8-in wide",B000035,"COASTAL PET PRODUCTS, INC. - PRIVATE LABEL CHINA",MWILSON,48.0,48,0.00338255220262399,192.0,2026-01-01 00:00:00,,,,,,0.0,,,129.73958333333334,0.0,,,,,,,0.0,192.0,192.0,192.0,0.0
166940.0,140013,"Frisco Padded No Pull Dog Harness, Red, M- Girth 22 to 34-in",B000035,"COASTAL PET PRODUCTS, INC. - PRIVATE LABEL CHINA",MWILSON,36.0,36,0.0223632295960319,180.0,2026-01-01 00:00:00,,,,,,0.0,,,129.73958333333334,0.0,,,,,,,0.0,180.0,180.0,180.0,0.0
166755.0,139969,"Frisco Small Breed Soft Vest Step In Back Clip Dog Harness, Black, 15 to 18-in chest",B000035,"COASTAL PET PRODUCTS, INC. - PRIVATE LABEL CHINA",MWILSON,36.0,36,0.024344425633632,180.0,2026-01-01 00:00:00,Hard Goods,"Leashes, Collars & Harnesses",Frisco,139969,True,275.0,1.43,2.09,115.0,180.0,2026-03-09,192.31,131.58,86.12,False,False,298.87,357.39,36.0,0.0,180.0
166940.0,140003,"Frisco Padded No Pull Dog Harness, Pink, S- Girth16 to 22-in",B000035,"COASTAL PET PRODUCTS, INC. - PRIVATE LABEL CHINA",MWILSON,36.0,36,0.0207066940704,180.0,2026-01-01 00:00:00,,,,,,0.0,,,129.73958333333334,0.0,,,,,,,0.0,180.0,180.0,180.0,0.0
166940.0,140020,"Frisco Padded No Pull Dog Harness, Blue, S- Girth16 to 22-in",B000035,"COASTAL PET PRODUCTS, INC. - PRIVATE LABEL CHINA",MWILSON,36.0,36,0.0207066940704,180.0,2026-01-01 00:00:00,,,,,,0.0,,,129.73958333333334,0.0,,,,,,,0.0,180.0,180.0,180.0,0.0
166940.0,140004,"Frisco Padded No Pull Dog Harness, Pink, M- Girth 22 to 34-in",B000035,"COASTAL PET PRODUCTS, INC. - PRIVATE LABEL CHINA",MWILSON,36.0,36,0.0223632295960319,180.0,2026-01-01 00:00:00,,,,,,0.0,,,129.73958333333334,0.0,,,,,,,0.0,180.0,180.0,180.0,0.0
247051.0,220513,"Frisco Step In Back Clip Dog Harness, Black, X-Small: 12 to 18-in chest",B000035,"COASTAL PET PRODUCTS, INC. - PRIVATE LABEL CHINA",MWILSON,36.0,36,0.004127491745,180.0,2026-01-01 00:00:00,Hard Goods,"Leashes, Collars & Harnesses",Frisco,220513,True,286.0,1.43,1.11,115.0,180.0,2026-03-09,200.0,257.66,162.16,False,False,158.73000000000002,189.81000000000003,36.0,0.0,180.0
166940.0,140023,"Frisco Padded No Pull Dog Harness, Blue, XL- Girth 32 to 50-in",B000035,"COASTAL PET PRODUCTS, INC. - PRIVATE LABEL CHINA",MWILSON,36.0,36,0.05238321652368,180.0,2026-01-01 00:00:00,,,,,,0.0,,,129.73958333333334,0.0,,,,,,,0.0,180.0,180.0,180.0,0.0
160846.0,133806,"Frisco Solid Nylon Dog Leash, Red, X-Small: 6-ft long, 3/8-in wide",B000035,"COASTAL PET PRODUCTS, INC. - PRIVATE LABEL CHINA",MWILSON,36.0,36,0.006355362256992,180.0,2026-01-01 00:00:00,,,,,,0.0,,,129.73958333333334,0.0,,,,,,,0.0,180.0,180.0,180.0,0.0
160846.0,133823,"Frisco Solid Nylon Dog Leash, Blue, X-Small: 6-ft long, 3/8-in wide",B000035,"COASTAL PET PRODUCTS, INC. - PRIVATE LABEL CHINA",MWILSON,36.0,36,0.006355362256992,180.0,2026-01-01 00:00:00,,,,,,0.0,,,129.73958333333334,0.0,,,,,,,0.0,180.0,180.0,180.0,0.0
160846.0,133826,"Frisco Solid Nylon Dog Leash, Blue, Medium: 6-ft long, 3/4-in wide",B000035,"COASTAL PET PRODUCTS, INC. - PRIVATE LABEL CHINA",MWILSON,36.0,36,0.01204908041792,180.0,2026-01-01 00:00:00,,,,,,0.0,,,129.73958333333334,0.0,,,,,,,0.0,180.0,180.0,180.0,0.0
166940.0,140005,"Frisco Padded No Pull Dog Harness, Pink, L- Girth 26 to 40-in",B000035,"COASTAL PET PRODUCTS, INC. - PRIVATE LABEL CHINA",MWILSON,36.0,36,0.0439697701247999,144.0,2026-01-01 00:00:00,,,,,,0.0,,,129.73958333333334,0.0,,,,,,,0.0,144.0,144.0,144.0,0.0
179933.0,153158,"Frisco Pineapple Polyester Breakaway Cat Collar with Bell, 8 to 12-in neck, 3/8-in wide",B000035,"COASTAL PET PRODUCTS, INC. - PRIVATE LABEL CHINA",MWILSON,48.0,48,0.01877564244864,144.0,2026-01-01 00:00:00,,,,,,0.0,,,129.73958333333334,0.0,,,,,,,0.0,144.0,144.0,144.0,0.0
166940.0,140015,"Frisco Padded No Pull Dog Harness, Red, L- Girth 26 to 40-in",B000035,"COASTAL PET PRODUCTS, INC. - PRIVATE LABEL CHINA",MWILSON,36.0,36,0.0439697701247999,144.0,2026-01-01 00:00:00,,,,,,0.0,,,129.73958333333334,0.0,,,,,,,0.0,144.0,144.0,144.0,0.0
160846.0,133814,"Frisco Solid Nylon Dog Leash, Pink, X-Small: 6-ft long, 3/8-in wide",B000035,"COASTAL PET PRODUCTS, INC. - PRIVATE LABEL CHINA",MWILSON,36.0,36,0.006355362256992,144.0,2026-01-01 00:00:00,,,,,,0.0,,,129.73958333333334,0.0,,,,,,,0.0,144.0,144.0,144.0,0.0
160846.0,133819,"Frisco Solid Nylon Dog Leash, Pink, Large: 6-ft long, 1-in wide",B000035,"COASTAL PET PRODUCTS, INC. - PRIVATE LABEL CHINA",MWILSON,36.0,36,0.024079414034624,144.0,2026-01-01 00:00:00,,,,,,0.0,,,129.73958333333334,0.0,,,,,,,0.0,144.0,144.0,144.0,0.0
160846.0,133809,"Frisco Solid Nylon Dog Leash, Red, Medium: 6-ft long, 3/4-in wide",B000035,"COASTAL PET PRODUCTS, INC. - PRIVATE LABEL CHINA",MWILSON,36.0,36,0.01204908041792,144.0,2026-01-01 00:00:00,,,,,,0.0,,,129.73958333333334,0.0,,,,,,,0.0,144.0,144.0,144.0,0.0
166755.0,139823,"Frisco Small Breed Soft Vest Step In Back Clip Dog Harness, Pink, 15 to 18-in chest",B000035,"COASTAL PET PRODUCTS, INC. - PRIVATE LABEL CHINA",MWILSON,36.0,36,0.024344425633632,108.0,2026-01-01 00:00:00,Hard Goods,"Leashes, Collars & Harnesses",Frisco,139823,True,263.0,1.26,1.54,115.0,216.0,2025-12-01,208.73,170.78,140.26,False,False,220.22,263.34000000000003,36.0,0.0,108.0
166755.0,139821,"Frisco Small Breed Soft Vest Step In Back Clip Dog Harness, Pink, 11 to 13-in chest",B000035,"COASTAL PET PRODUCTS, INC. - PRIVATE LABEL CHINA",MWILSON,36.0,36,0.01877564244864,108.0,2026-01-01 00:00:00,Hard Goods,"Leashes, Collars & Harnesses",Frisco,139821,True,180.0,1.47,1.9,115.0,216.0,2025-12-01,122.45,94.74,113.68,False,True,271.7,324.9,36.0,0.0,108.0
166940.0,140012,"Frisco Padded No Pull Dog Harness, Red, S- Girth16 to 22-in",B000035,"COASTAL PET PRODUCTS, INC. - PRIVATE LABEL CHINA",MWILSON,36.0,36,0.0207066940704,108.0,2026-01-01 00:00:00,,,,,,0.0,,,129.73958333333334,0.0,,,,,,,0.0,108.0,108.0,108.0,0.0
166940.0,140026,"Frisco Padded No Pull Dog Harness, Black, S- Girth16 to 22-in",B000035,"COASTAL PET PRODUCTS, INC. - PRIVATE LABEL CHINA",MWILSON,36.0,36,0.0207066940704,108.0,2026-01-01 00:00:00,,,,,,0.0,,,129.73958333333334,0.0,,,,,,,0.0,108.0,108.0,108.0,0.0
166940.0,140029,"Frisco Padded No Pull Dog Harness, Black, XL- Girth 32 to 50-in",B000035,"COASTAL PET PRODUCTS, INC. - PRIVATE LABEL CHINA",MWILSON,36.0,36,0.05238321652368,108.0,2026-01-01 00:00:00,,,,,,0.0,,,129.73958333333334,0.0,,,,,,,0.0,108.0,108.0,108.0,0.0
247051.0,220538,"Frisco Step In Back Clip Dog Harness, Pink, Small: 16 to 24-in chest",B000035,"COASTAL PET PRODUCTS, INC. - PRIVATE LABEL CHINA",MWILSON,36.0,36,0.011180434929408,108.0,2026-01-01 00:00:00,,,,,,0.0,,,129.73958333333334,0.0,,,,,,,0.0,108.0,108.0,108.0,0.0
160846.0,133817,"Frisco Solid Nylon Dog Leash, Pink, Medium: 6-ft long, 3/4-in wide",B000035,"COASTAL PET PRODUCTS, INC. - PRIVATE LABEL CHINA",MWILSON,36.0,36,0.01204908041792,108.0,2026-01-01 00:00:00,,,,,,0.0,,,129.73958333333334,0.0,,,,,,,0.0,108.0,108.0,108.0,0.0
166755.0,139961,"Frisco Small Breed Soft Vest Step In Back Clip Dog Harness, Blue, 15 to 18-in chest",B000035,"COASTAL PET PRODUCTS, INC. - PRIVATE LABEL CHINA",MWILSON,36.0,36,0.024344425633632,72.0,2026-01-01 00:00:00,Hard Goods,"Leashes, Collars & Harnesses",Frisco,139961,True,368.0,1.43,1.64,115.0,108.0,2025-12-01,257.34,224.39,65.85,False,False,234.51999999999998,280.44,36.0,0.0,72.0
166940.0,140006,"Frisco Padded No Pull Dog Harness, Pink, XL- Girth 32 to 50-in",B000035,"COASTAL PET PRODUCTS, INC. - PRIVATE LABEL CHINA",MWILSON,36.0,36,0.05238321652368,72.0,2026-01-01 00:00:00,,,,,,0.0,,,129.73958333333334,0.0,,,,,,,0.0,72.0,72.0,72.0,0.0
166755.0,139833,"Frisco Small Breed Soft Vest Step In Back Clip Dog Harness, Red, 18 to 21-in chest",B000035,"COASTAL PET PRODUCTS, INC. - PRIVATE LABEL CHINA",MWILSON,36.0,36,0.0295555775338879,72.0,2026-01-01 00:00:00,Hard Goods,"Leashes, Collars & Harnesses",Frisco,139833,True,242.0,1.03,1.45,115.0,108.0,2025-12-30,234.95,166.9,74.48,False,False,207.35,247.95,36.0,0.0,72.0
160846.0,133824,"Frisco Solid Nylon Dog Leash, Blue, Small: 6-ft long, 5/8-in wide",B000035,"COASTAL PET PRODUCTS, INC. - PRIVATE LABEL CHINA",MWILSON,36.0,36,0.01204908041792,72.0,2026-01-01 00:00:00,,,,,,0.0,,,129.73958333333334,0.0,,,,,,,0.0,72.0,72.0,72.0,0.0
160846.0,133828,"Frisco Solid Nylon Dog Leash, Blue, Large: 6-ft long, 1-in wide",B000035,"COASTAL PET PRODUCTS, INC. - PRIVATE LABEL CHINA",MWILSON,36.0,36,0.024079414034624,72.0,2026-01-01 00:00:00,,,,,,0.0,,,129.73958333333334,0.0,,,,,,,0.0,72.0,72.0,72.0,0.0
166755.0,139831,"Frisco Small Breed Soft Vest Step In Back Clip Dog Harness, Red, 12 to 15-in chest",B000035,"COASTAL PET PRODUCTS, INC. - PRIVATE LABEL CHINA",MWILSON,36.0,36,0.0193261494766559,36.0,2026-01-01 00:00:00,Hard Goods,"Leashes, Collars & Harnesses",Frisco,139831,True,292.0,1.14,1.68,115.0,108.0,2025-12-01,256.14,173.81,64.29,False,False,240.23999999999998,287.28,36.0,0.0,36.0
166755.0,139830,"Frisco Small Breed Soft Vest Step In Back Clip Dog Harness, Red, 11 to 13-in chest",B000035,"COASTAL PET PRODUCTS, INC. - PRIVATE LABEL CHINA",MWILSON,36.0,36,0.01877564244864,36.0,2026-01-01 00:00:00,Hard Goods,"Leashes, Collars & Harnesses",Frisco,139830,True,107.0,0.68,1.14,115.0,144.0,2026-03-09,157.35,93.86,126.32,False,True,163.01999999999998,194.93999999999997,36.0,0.0,36.0
166755.0,139967,"Frisco Small Breed Soft Vest Step In Back Clip Dog Harness, Black, 11 to 13-in chest",B000035,"COASTAL PET PRODUCTS, INC. - PRIVATE LABEL CHINA",MWILSON,36.0,36,0.01877564244864,36.0,2026-01-01 00:00:00,Hard Goods,"Leashes, Collars & Harnesses",Frisco,139967,True,258.0,0.97,1.57,115.0,36.0,2026-03-09,265.98,164.33,22.93,False,False,224.51000000000002,268.47,36.0,0.0,36.0
166755.0,139968,"Frisco Small Breed Soft Vest Step In Back Clip Dog Harness, Black, 12 to 15-in chest",B000035,"COASTAL PET PRODUCTS, INC. - PRIVATE LABEL CHINA",MWILSON,36.0,36,0.0193261494766559,36.0,2026-01-01 00:00:00,Hard Goods,"Leashes, Collars & Harnesses",Frisco,139968,True,382.0,1.46,1.97,115.0,36.0,2026-03-09,261.64,193.91,18.27,False,False,281.71,336.87,36.0,0.0,36.0
166755.0,139960,"Frisco Small Breed Soft Vest Step In Back Clip Dog Harness, Blue, 12 to 15-in chest",B000035,"COASTAL PET PRODUCTS, INC. - PRIVATE LABEL CHINA",MWILSON,36.0,36,0.0193261494766559,36.0,2026-01-01 00:00:00,Hard Goods,"Leashes, Collars & Harnesses",Frisco,139960,True,258.0,1.38,2.08,115.0,180.0,2025-12-01,186.96,124.04,86.54,False,False,297.44,355.68,36.0,0.0,36.0
160846.0,133816,"Frisco Solid Nylon Dog Leash, Pink, Medium: 4-ft long, 3/4-in wide",B000035,"COASTAL PET PRODUCTS, INC. - PRIVATE LABEL CHINA",MWILSON,36.0,36,0.01204908041792,36.0,2026-01-01 00:00:00,,,,,,0.0,,,129.73958333333334,0.0,,,,,,,0.0,36.0,36.0,36.0,0.0
160846.0,133825,"Frisco Solid Nylon Dog Leash, Blue, Medium: 4-ft long, 3/4-in wide",B000035,"COASTAL PET PRODUCTS, INC. - PRIVATE LABEL CHINA",MWILSON,36.0,36,0.01204908041792,36.0,2026-01-01 00:00:00,,,,,,0.0,,,129.73958333333334,0.0,,,,,,,0.0,36.0,36.0,36.0,0.0
160846.0,133808,"Frisco Solid Nylon Dog Leash, Red, Medium: 4-ft long, 3/4-in wide",B000035,"COASTAL PET PRODUCTS, INC. - PRIVATE LABEL CHINA",MWILSON,36.0,36,0.01204908041792,36.0,2026-01-01 00:00:00,,,,,,0.0,,,129.73958333333334,0.0,,,,,,,0.0,36.0,36.0,36.0,0.0
193000.0,166298,"Frisco Rectangular Cat Litter Mat, Grey, Large",3722,JIANG SU ZHONG HENG PET ARTICLES JOINT-STOCK CO.,KNGO1,3000.0,24,0.098571,5904.0,2026-01-01 00:00:00,,,,,,0.0,,,129.73958333333334,0.0,,,,,,,0.0,5904.0,5904.0,5904.0,0.0
189549.0,202534,"Frisco Birthday Cake Plush Squeaky Dog Toy, Large",P000421,PETTINGZOO SHANGHAI LIMITED,MWILSON,1500.0,12,0.055016,4380.0,2026-01-01 00:00:00,,,,,,0.0,,,129.73958333333334,0.0,,,,,,,0.0,4380.0,4380.0,4380.0,0.0
201386.0,174697,"Frisco Hippo Textured Plush Squeaky Dog Toy, Medium/Large",P000421,PETTINGZOO SHANGHAI LIMITED,MWILSON,1512.0,36,0.074704,1512.0,2026-01-01 00:00:00,,,,,,0.0,,,129.73958333333334,0.0,,,,,,,0.0,1512.0,1512.0,1512.0,0.0
285695.0,259250,"Frisco Sisal Mat, Medium",3755,"HANGZHOU TIANYUAN PET PRODUCTS CO., LTD.",JADESCHACK,500.0,24,0.0697149062376955,500.0,2026-01-01 00:00:00,Hard Goods,Litter Accessories,Frisco,259250,True,2294.0,13.26,15.71,127.0,2196.0,2025-12-01,173.0,146.02,139.78,False,False,2435.05,2874.9300000000003,504.0,0.0,480.0
382040.0,355812,"Frisco Dog & Cat Fountain Replacement Filters, 3 Count, 100-oz",P21654,SHENZHEN XING RISHENG INDUSTRIAL CO LTD,MWILSON,3024.0,144,0.03364985270016,3024.0,2026-01-01 00:00:00,,,,,,0.0,,,129.73958333333334,0.0,,,,,,,0.0,3024.0,3024.0,3024.0,0.0
1080566.0,1080574,"Frisco Cuddle Bear Calming Electronic Heartbeat Anxiety Relief Plush Dog Toy, X-Small/Small",P000421,PETTINGZOO SHANGHAI LIMITED,MWILSON,1500.0,6,0.036096,1500.0,2026-01-01 00:00:00,Hard Goods,Toys,Frisco,1080574,True,3096.0,9.26,18.95,157.0,1500.0,2026-03-03,334.34,163.38,79.16,False,False,3505.75,4036.35,1500.0,0.0,1500.0
201489.0,174800,"Frisco Double-Wide Cat Scratcher Toy Refill with Catnip, 2 count",P27093,SPORTPET DESIGNS LLC - PL,KNGO1,1500.0,12,0.108188105694,24540.0,2026-01-01 00:00:00,Hard Goods,Toys,Frisco,174800,True,31351.0,272.79,506.99,107.0,21132.0,2026-03-04,114.93,61.84,41.68,False,True,68443.65,82639.37,15972.0,30156.369999999995,0.0
201430.0,174741,"Frisco Llama Bobberz Plush Squeaky Dog Toy, Large/X-Large",P20837,KIDS FIRST ASIA CO LTD,KNGO1,1200.0,24,0.0869463944700855,7824.0,2026-01-01 00:00:00,,,,,,0.0,,,129.73958333333334,0.0,,,,,,,0.0,7824.0,7824.0,7824.0,0.0
292056.0,265622,"Frisco Wave Cat Scratcher Toy with Catnip, Moon & Stars",P27093,SPORTPET DESIGNS LLC - PL,KNGO1,1504.0,8,0.061824,7648.0,2026-01-01 00:00:00,,,,,,0.0,,,129.73958333333334,0.0,,,,,,,0.0,7648.0,7648.0,7648.0,0.0
193218.0,166516,"Frisco Scratch & Roll Scratcher Cat Toy with Catnip, Purple",P000750,YOUNSAINT INDUSTRIAL LIMITED,KNGO1,1200.0,12,0.134064,1200.0,2026-01-01 00:00:00,,,,,,0.0,,,129.73958333333334,0.0,,,,,,,0.0,1200.0,1200.0,1200.0,0.0
201446.0,174757,"Frisco Trash Can & Raccoons Hide & Seek Puzzle Plush Squeaky Dog Toy, Small/Medium",P20837,KIDS FIRST ASIA CO LTD,KNGO1,1200.0,12,0.0362891169615285,6864.0,2026-01-01 00:00:00,Hard Goods,Toys,Frisco,174757,True,56102.0,54.57,321.6,143.0,0.0,,1028.07,174.45,0.0,False,False,54993.600000000006,63998.4,1200.0,7896.4000000000015,0.0
874150.0,874158,"Frisco Cupcake Party Hat & Ruffle Collar Cat Birthday Accessory, One Size",P18936,"PETPARTY PRODUCTS CO., LTD",MWILSON,1512.0,36,0.014742,2958.0,2026-01-01 00:00:00,Hard Goods,Apparel,Frisco,874158,True,1229.0,13.50,45.13,157.0,1620.0,2026-01-28,91.04,27.23,35.9,True,True,8349.050000000001,9612.69,2988.0,6763.6900000000005,0.0
201482.0,308868,"Frisco Step-In Cat Scratcher Toy with Catnip, Constellations",P27093,SPORTPET DESIGNS LLC - PL,KNGO1,1500.0,4,0.0671000491919999,7028.0,2026-01-01 00:00:00,Hard Goods,Toys,Frisco,308868,True,3038.0,50.28,162.47,107.0,23024.0,2026-02-06,60.42,18.7,141.71,True,True,21933.45,26482.61,1500.0,420.6100000000006,6604.0
173908.0,147067,"Frisco Monkey Plush with Rope Squeaky Dog Toy, Medium/Large",P20837,KIDS FIRST ASIA CO LTD,KNGO1,1224.0,36,0.0594017321287868,6012.0,2026-01-01 00:00:00,Hard Goods,Toys,Frisco,147067,True,100117.0,121.61,450.43,143.0,0.0,,823.26,222.27,0.0,False,False,77023.53,89635.57,1224.0,0.0,6012.0
189624.0,162914,"Frisco Birthday Fetch Squeaky Tennis Ball Dog Toy, Medium, 3 count",P20837,KIDS FIRST ASIA CO LTD,KNGO1,1008.0,48,0.0459205951268957,5520.0,2026-01-01 00:00:00,,,,,,0.0,,,129.73958333333334,0.0,,,,,,,0.0,5520.0,5520.0,5520.0,0.0
201428.0,174739,"Frisco Giraffe Bobberz Plush Squeaky Dog Toy, Large/X-Large",P20837,KIDS FIRST ASIA CO LTD,KNGO1,1200.0,24,0.0869463944700855,5328.0,2026-01-01 00:00:00,,,,,,0.0,,,129.73958333333334,0.0,,,,,,,0.0,5328.0,5328.0,5328.0,0.0
193063.0,166361,"Frisco Sparkle Fish Plush Cat Toy with Catnip, 2 count",P20837,KIDS FIRST ASIA CO LTD,KNGO1,1200.0,120,0.0219426042908379,5760.0,2026-01-01 00:00:00,,,,,,0.0,,,129.73958333333334,0.0,,,,,,,0.0,5760.0,5760.0,5760.0,0.0
1096942.0,1096966,"Frisco Spring Ruffle Dog & Cat Dress, Gingham, Large",P18936,"PETPARTY PRODUCTS CO., LTD",MWILSON,1536.0,48,0.0384,257.87851612142856,2026-01-01 00:00:00,,,,,,0.0,,,129.73958333333334,0.0,,,,,,,0.0,257.87851612142856,1536.0,257.87851612142856,0.0
201482.0,347219,"Frisco Step-In Cat Scratcher Toy with Catnip, Tropical Paradise",P27093,SPORTPET DESIGNS LLC - PL,KNGO1,1500.0,4,0.0671000491919999,4252.0,2026-01-01 00:00:00,Hard Goods,Toys,Frisco,347219,True,855.0,72.59,126.91,107.0,7116.0,2026-03-04,11.78,6.74,56.07,True,True,17132.85,20686.329999999998,4252.0,12715.329999999998,0.0
290861.0,264424,"Frisco Birthday Volcano & Dinosaurs Hide & Seek Puzzle Plush Squeaky Dog Toy, Small/Medium",P20837,KIDS FIRST ASIA CO LTD,KNGO1,1200.0,12,0.104403044347564,4212.0,2026-01-01 00:00:00,,,,,,0.0,,,129.73958333333334,0.0,,,,,,,0.0,4212.0,4212.0,4212.0,0.0
193220.0,166518,"Frisco Scratch & Roll Scratcher Cat Toy Refills, 2 count",P27093,SPORTPET DESIGNS LLC - PL,KNGO1,1224.0,36,0.129214,3960.0,2026-01-01 00:00:00,,,,,,0.0,,,129.73958333333334,0.0,,,,,,,0.0,3960.0,3960.0,3960.0,0.0
173847.0,147013,"Frisco Fox Plush Squeaky Dog Toy, Small/Medium",P20837,KIDS FIRST ASIA CO LTD,KNGO1,1224.0,36,0.0576014930109464,3816.0,2026-01-01 00:00:00,,,,,,0.0,,,129.73958333333334,0.0,,,,,,,0.0,3816.0,3816.0,3816.0,0.0
1055166.0,1055182,"Frisco Beef Flavored Twist Bone Nylon Chew Dog Toy for Heavy Chewers, Medium",P26130,CAITEC INC - PL,MWILSON,2544.0,48,0.03206372,2544.0,2026-01-01 00:00:00,Hard Goods,Toys,Frisco,1055182,True,11017.0,47.66,90.61,84.0,3216.0,2026-01-01,231.16,121.59,35.49,False,False,10148.32,12685.4,2544.0,0.0,2544.0
201426.0,204559,"Frisco Unicorn Stuffing-Free Flat Plush Squeaky Dog Toy, Purple, Medium/Large",P20837,KIDS FIRST ASIA CO LTD,KNGO1,1224.0,36,0.0395865390943044,2808.0,2026-01-01 00:00:00,,,,,,0.0,,,129.73958333333334,0.0,,,,,,,0.0,2808.0,2808.0,2808.0,0.0
179577.0,152800,"Frisco Fetch Squeaky TPR Ball Dog Toy, Blue, Medium, 1 count",P20837,KIDS FIRST ASIA CO LTD,KNGO1,1800.0,36,0.0141684131447921,1800.0,2026-01-01 00:00:00,,,,,,0.0,,,129.73958333333334,0.0,,,,,,,0.0,1800.0,1800.0,1800.0,0.0
173820.0,146980,"Frisco Bear Plush Squeaky Dog Toy, Small/Medium",P20837,KIDS FIRST ASIA CO LTD,KNGO1,1200.0,60,0.0869465353233206,2220.0,2026-01-01 00:00:00,,,,,,0.0,,,129.73958333333334,0.0,,,,,,,0.0,2220.0,2220.0,2220.0,0.0
919390.0,919398,"Frisco Peapod & Peas 2-in-1 Rip for Surprise Plush Squeaky Dog Toy, Small",P20837,KIDS FIRST ASIA CO LTD,KNGO1,1200.0,60,0.0496008035262916,2400.0,2026-01-01 00:00:00,Hard Goods,Toys,Frisco,919398,True,20092.0,59.29,154.15,143.0,11100.0,2026-01-26,338.88,130.34,72.01,False,True,26359.65,30675.850000000002,1200.0,0.0,2400.0
193086.0,837758,"Frisco Foldable Play Tunnel with Mesh Cat Toy, Baltic Teal",3755,"HANGZHOU TIANYUAN PET PRODUCTS CO., LTD.",JADESCHACK,1536.0,48,0.0536594610388071,1584.0,2026-01-01 00:00:00,Hard Goods,Toys,Frisco,837758,True,4528.0,23.97,39.64,127.0,5232.0,2025-12-16,188.9,114.23,131.99,False,True,6144.2,7254.12,1536.0,0.0,1584.0
1096942.0,1096950,"Frisco Spring Ruffle Dog & Cat Dress, Gingham, Small",P18936,"PETPARTY PRODUCTS CO., LTD",MWILSON,1536.0,48,0.0264,459.7327992285714,2026-01-01 00:00:00,,,,,,0.0,,,129.73958333333334,0.0,,,,,,,0.0,459.7327992285714,1536.0,459.7327992285714,0.0
373450.0,347217,"Frisco Single-Wide Cat Scratcher Toy with Catnip, 2 count, Tropical Paradise",P27093,SPORTPET DESIGNS LLC - PL,KNGO1,1503.0,9,0.06167019924,1503.0,2026-01-01 00:00:00,Hard Goods,Toys,Frisco,347217,True,549.0,24.44,40.99,107.0,3006.0,2026-02-06,22.46,13.39,73.33,True,True,5533.650000000001,6681.37,1503.0,3126.37,0.0
201480.0,347213,"Frisco Nesting Cat Scratcher Toy with Catnip, Modern Terrazzo",P27093,SPORTPET DESIGNS LLC - PL,KNGO1,1500.0,4,0.0595249475999999,1500.0,2026-01-01 00:00:00,Hard Goods,Toys,Frisco,347213,True,1700.0,15.70,43.28,107.0,2084.0,2026-03-04,108.28,39.28,48.15,False,True,5842.8,7054.64,1500.0,3270.6400000000003,0.0
201478.0,347221,"Frisco Wave Cat Scratcher Toy with Catnip, Tropical Paradise",P27093,SPORTPET DESIGNS LLC - PL,KNGO1,1500.0,6,0.061210151392,1500.0,2026-01-01 00:00:00,Hard Goods,Toys,Frisco,347221,True,1938.0,28.41,53.46,107.0,3000.0,2026-02-06,68.22,36.25,56.12,True,True,7217.1,8713.98,1500.0,3775.9799999999996,0.0
1096942.0,1096958,"Frisco Spring Ruffle Dog & Cat Dress, Gingham, Medium",P18936,"PETPARTY PRODUCTS CO., LTD",MWILSON,1536.0,48,0.0312,397.29994955,2026-01-01 00:00:00,,,,,,0.0,,,129.73958333333334,0.0,,,,,,,0.0,397.29994955,1536.0,397.29994955,0.0
167101.0,140166,Frisco 35-in Foldable Crinkle Play Tunnel with 1 Window,3755,"HANGZHOU TIANYUAN PET PRODUCTS CO., LTD.",JADESCHACK,1312.0,16,0.0634912913023416,1312.0,2026-01-01 00:00:00,Hard Goods,Toys,Frisco,140166,True,2117.0,10.40,27.53,127.0,3952.0,2025-12-01,203.56,76.9,143.55,False,True,4267.150000000001,5037.99,1312.0,0.0,1312.0
201463.0,174775,"Frisco Latex Squeaky Puppy Toy, Blue, X-Small/Small",3755,"HANGZHOU TIANYUAN PET PRODUCTS CO., LTD.",JADESCHACK,1296.0,144,0.044172377718323,1296.0,2026-01-01 00:00:00,,,,,,0.0,,,129.73958333333334,0.0,,,,,,,0.0,1296.0,1296.0,1296.0,0.0
240417.0,213844,Frisco Plush Dangly Egg Buddy Cat Toy with Catnip,3755,"HANGZHOU TIANYUAN PET PRODUCTS CO., LTD.",JADESCHACK,1280.0,256,0.0323047348228578,1280.0,2026-01-01 00:00:00,,,,,,0.0,,,129.73958333333334,0.0,,,,,,,0.0,1280.0,1280.0,1280.0,0.0
189547.0,162836,"Frisco Birthday Bear Plush Squeaky Dog Toy, Medium",P20837,KIDS FIRST ASIA CO LTD,KNGO1,1224.0,36,0.0716049279936029,1224.0,2026-01-01 00:00:00,Hard Goods,Toys,Frisco,162836,True,10313.0,43.03,88.93,143.0,7056.0,2026-01-26,239.67,115.97,79.34,False,True,15207.03,17697.07,1224.0,328.0699999999997,864.0
290858.0,264422,"Frisco Birthday TPR Fetch Bone Squeaky Dog Toy, Medium/Large, 2 count",P20837,KIDS FIRST ASIA CO LTD,KNGO1,1200.0,24,0.0321484166406674,1200.0,2026-01-01 00:00:00,,,,,,0.0,,,129.73958333333334,0.0,,,,,,,0.0,1200.0,1200.0,1200.0,0.0
1096942.0,1099190,"Frisco Spring Ruffle Dog & Cat Dress, Gingham, X-Large",P18936,"PETPARTY PRODUCTS CO., LTD",MWILSON,1536.0,48,0.0384,311.6254764071429,2026-01-01 00:00:00,,,,,,0.0,,,129.73958333333334,0.0,,,,,,,0.0,311.6254764071429,1536.0,311.6254764071429,0.0
297425.0,271001,"Frisco Camping Squirrel Plush Squeaky Dog Toy, Small/Medium",P20837,KIDS FIRST ASIA CO LTD,KNGO1,1200.0,60,0.0594009622875347,1200.0,2026-01-01 00:00:00,Hard Goods,Toys,Frisco,271001,True,64.0,17.89,36.25,143.0,1800.0,2026-01-26,3.58,1.77,49.66,True,True,6198.75,7213.75,1200.0,5349.75,0.0
206849.0,173778,"Frisco Medium Dog Training & Potty Pads, 21 x 21-in, Unscented, 100 count",P000486,TIANJIN YIYI HYGIENE PRODUCTS CO. LTD,KNGO1,800.0,4,0.0594414308452673,9352.0,2026-01-01 00:00:00,Hard Goods,Waste Management,Frisco,173778,True,36135.0,200.17,227.35,126.0,11244.0,2025-11-21,180.52,158.94,49.46,False,False,35011.9,41377.7,800.0,0.0,9352.0
117273.0,191971,"Frisco X-Large Premium Dog Training & Potty Pads, 28 x 34-in, Scented, 40 count",3722,JIANG SU ZHONG HENG PET ARTICLES JOINT-STOCK CO.,KNGO1,250.0,1,0.026881875,2075.0,2026-01-01 00:00:00,Hard Goods,Waste Management,Frisco,191971,True,10004.0,57.73,67.98,104.0,6897.0,2025-11-20,173.29,147.16,101.46,False,False,8973.36,10876.800000000001,250.0,0.0,2075.0
253966.0,309796,"Frisco X-Large Ultra Premium Non-Skid Dog Training & Potty Pads, 28 x 34-in, Unscented, 75 count",3722,JIANG SU ZHONG HENG PET ARTICLES JOINT-STOCK CO.,KNGO1,250.0,1,0.05535,1451.0,2026-01-01 00:00:00,Hard Goods,Waste Management,Frisco,309796,True,5939.0,30.78,36.07,104.0,3718.0,2026-01-08,192.95,164.65,103.08,False,False,4761.24,5771.2,250.0,0.0,1451.0
253969.0,227454,"Frisco Giant Ultra Premium Non-Skid Dog Training & Potty Pads, 27.5 x 44-in, Unscented, 50 count",3722,JIANG SU ZHONG HENG PET ARTICLES JOINT-STOCK CO.,KNGO1,250.0,1,0.04491125,1086.0,2026-01-01 00:00:00,Hard Goods,Waste Management,Frisco,227454,True,4320.0,31.04,36.4,104.0,4837.0,2025-11-20,139.18,118.68,132.88,False,False,4804.8,5824.0,250.0,0.0,1086.0
253972.0,227456,"Frisco Large Charcoal Dog Training & Potty Pads, 22 x 23-in, Unscented, 50 count",P000486,TIANJIN YIYI HYGIENE PRODUCTS CO. LTD,KNGO1,800.0,4,0.0561616983036198,800.0,2026-01-01 00:00:00,Hard Goods,Waste Management,Frisco,227456,True,4622.0,20.72,23.96,126.0,1408.0,2025-12-26,223.07,192.9,58.76,False,False,3689.84,4360.72,800.0,0.0,800.0
342001.0,315715,"Frisco Washable Dog Potty Pads, Beige, 30 x 32-in, Unscented, 2 count",3755,"HANGZHOU TIANYUAN PET PRODUCTS CO., LTD.",JADESCHACK,414.0,18,0.078585,414.0,2026-01-01 00:00:00,Hard Goods,Waste Management,Frisco,315715,True,1444.0,4.08,5.69,127.0,414.0,2026-02-16,353.92,253.78,72.76,False,False,881.95,1041.27,414.0,0.0,414.0
253978.0,227463,"Frisco Giant Charcoal Dog Training & Potty Pads, 27.5 x 44-in, Unscented, 30 count",P000486,TIANJIN YIYI HYGIENE PRODUCTS CO. LTD,KNGO1,400.0,4,0.0823044888494396,400.0,2026-01-01 00:00:00,Hard Goods,Waste Management,Frisco,227463,True,1550.0,8.09,10.11,126.0,800.0,2025-11-28,191.59,153.31,79.13,False,False,1556.9399999999998,1840.02,400.0,0.0,400.0
176617.0,149803,"Frisco Disposable Female Dog Diapers, X-Small, 12 count",P000486,TIANJIN YIYI HYGIENE PRODUCTS CO. LTD,KNGO1,312.0,24,0.0438622737607217,312.0,2026-01-01 00:00:00,Hard Goods,Waste Management,Frisco,149803,True,1671.0,7.21,7.93,126.0,672.0,2025-12-26,231.76,210.72,84.74,False,False,1221.22,1443.26,312.0,0.0,312.0
176617.0,149805,"Frisco Disposable Female Dog Diapers,, Medium, 30 count",P000486,TIANJIN YIYI HYGIENE PRODUCTS CO. LTD,KNGO1,304.0,8,0.0727462710679275,304.0,2026-01-01 00:00:00,Hard Goods,Waste Management,Frisco,149805,True,1315.0,5.18,5.43,126.0,304.0,2026-01-02,253.86,242.17,55.99,False,False,836.2199999999999,988.26,304.0,0.0,304.0
176617.0,149804,"Frisco Disposable Female Dog Diapers, Small, 30 count",P000486,TIANJIN YIYI HYGIENE PRODUCTS CO. LTD,KNGO1,300.0,12,0.0758535564985895,300.0,2026-01-01 00:00:00,Hard Goods,Waste Management,Frisco,149804,True,1395.0,6.21,7.26,126.0,300.0,2026-01-09,224.64,192.15,41.32,False,False,1118.04,1321.32,300.0,0.0,300.0
176617.0,149807,"Frisco Disposable Female Diapers, X-Large, 12 count",P000486,TIANJIN YIYI HYGIENE PRODUCTS CO. LTD,KNGO1,300.0,12,0.0530960895202844,300.0,2026-01-01 00:00:00,Hard Goods,Waste Management,Frisco,149807,True,931.0,6.61,6.83,126.0,840.0,2025-12-26,140.85,136.31,122.99,False,False,1051.82,1243.06,300.0,0.0,300.0
253966.0,227450,"Frisco X-Large Ultra Premium Non-Skid Dog Training & Potty Pads, 28 x 34-in, Unscented, 21 count",3722,JIANG SU ZHONG HENG PET ARTICLES JOINT-STOCK CO.,KNGO1,252.0,4,0.07425,252.0,2026-01-01 00:00:00,Hard Goods,Waste Management,Frisco,227450,True,845.0,6.39,6.81,104.0,848.0,2025-11-28,132.24,124.08,124.52,False,False,898.92,1089.6,252.0,0.0,252.0
253957.0,227442,"Frisco X-Large Eco-Conscious Dog Training & Potty Pads, 28 x 34-in, Unscented, 40 count",P000486,TIANJIN YIYI HYGIENE PRODUCTS CO. LTD,KNGO1,250.0,1,0.0262189178478738,250.0,2026-01-01 00:00:00,Hard Goods,Waste Management,Frisco,227442,True,3323.0,19.26,23.87,126.0,2478.0,2025-11-21,172.53,139.21,103.81,False,False,3675.98,4344.34,250.0,0.0,250.0
117279.0,191969,"Frisco Large Premium Dog Training & Potty Pads, 22 x 23-in, Scented, 150 count",3722,JIANG SU ZHONG HENG PET ARTICLES JOINT-STOCK CO.,KNGO1,250.0,1,0.03555,250.0,2026-01-01 00:00:00,Hard Goods,Waste Management,Frisco,191969,True,9924.0,46.61,54.8,104.0,5038.0,2025-11-20,212.92,181.09,91.93,False,False,7233.599999999999,8768.0,250.0,0.0,250.0
253963.0,309795,"Frisco Large Ultra Premium Non-Skid Dog Training & Potty Pads, 22 x 23-in, Unscented, 300 count",3722,JIANG SU ZHONG HENG PET ARTICLES JOINT-STOCK CO.,KNGO1,250.0,1,0.09717,250.0,2026-01-01 00:00:00,Hard Goods,Waste Management,Frisco,309795,True,511.0,4.06,4.8,104.0,540.0,2025-11-28,125.86,106.46,112.5,False,False,633.6,768.0,250.0,0.0,250.0
862718.0,862726,"Frisco Indoor Dog Grass Potty Replacement Pad, 19 x 19-in",3722,JIANG SU ZHONG HENG PET ARTICLES JOINT-STOCK CO.,KNGO1,108.0,12,0.056889,108.0,2026-01-01 00:00:00,Hard Goods,Waste Management,Frisco,862726,True,251.0,2.27,2.7,104.0,492.0,2025-11-28,110.57,92.96,182.22,False,True,356.40000000000003,432.0,108.0,0.0,108.0
253990.0,227474,"Frisco Training Pad Holder, 24-in x 24-in",3722,JIANG SU ZHONG HENG PET ARTICLES JOINT-STOCK CO.,KNGO1,104.0,8,0.153216,104.0,2026-01-01 00:00:00,Hard Goods,Waste Management,Frisco,227474,True,3732.0,16.80,19.43,104.0,1208.0,2026-01-08,222.14,192.07,62.17,False,False,2564.7599999999998,3108.8,104.0,0.0,104.0
,3617902,"Frisco Faux Suede Bolster Cat & Dog Bed, Navy, Large",PMJ,PMJ,JADESCHACK,,4,0.256,1532.0,2026-01-01 00:00:00,,,,,,0.0,,,129.73958333333334,0.0,,,,,,,0.0,1532.0,,1532.0,0.0
,3617894,"Frisco Faux Suede Bolster Cat & Dog Bed, Navy, Medium",PMJ,PMJ,JADESCHACK,,4,0.15925,2452.0,2026-01-01 00:00:00,,,,,,0.0,,,129.73958333333334,0.0,,,,,,,0.0,2452.0,,2452.0,0.0
,3617918,"Frisco Faux Suede Bolster Cat & Dog Bed, Navy, Small",PMJ,PMJ,JADESCHACK,,6,0.1274,1287.0,2026-01-01 00:00:00,,,,,,0.0,,,129.73958333333334,0.0,,,,,,,0.0,1287.0,,1287.0,0.0
,3626630,"Frisco Faux Suede Pillow Cat & Dog Bed with Removable Cover, Brown, Large",PMJ,PMJ,JADESCHACK,,12,0.755115909119999,668.0,2026-01-01 00:00:00,,,,,,0.0,,,129.73958333333334,0.0,,,,,,,0.0,668.0,,668.0,0.0
,3626622,"Frisco Faux Suede Pillow Cat & Dog Bed with Removable Cover, Khaki Green, Large",PMJ,PMJ,JADESCHACK,,12,0.755115909119999,1024.0,2026-01-01 00:00:00,,,,,,0.0,,,129.73958333333334,0.0,,,,,,,0.0,1024.0,,1024.0,0.0
,3601926,"Frisco Plush Orthopedic Front Bolster Cat & Dog Bed w/Removable Cover, Beige, X-Large",PMJ,PMJ,JADESCHACK,,0,0.0,460.0,2026-01-01 00:00:00,,,,,,0.0,,,129.73958333333334,0.0,,,,,,,0.0,460.0,,460.0,
,3601934,"Frisco Plush Orthopedic Front Bolster Cat & Dog Bed w/Removable Cover, Gray, X-Large",PMJ,PMJ,JADESCHACK,,0,0.0,766.0,2026-01-01 00:00:00,,,,,,0.0,,,129.73958333333334,0.0,,,,,,,0.0,766.0,,766.0,
,3601942,"Frisco Plush Orthopedic Front Bolster Cat & Dog Bed w/Removable Cover, Gray, XX-Large",PMJ,PMJ,JADESCHACK,,0,0.0,386.0,2026-01-01 00:00:00,,,,,,0.0,,,129.73958333333334,0.0,,,,,,,0.0,386.0,,386.0,
,3601950,"Frisco Plush Orthopedic Front Bolster Cat & Dog Bed w/Removable Cover, Gray, XXX-Large",PMJ,PMJ,JADESCHACK,,0,0.0,386.0,2026-01-01 00:00:00,,,,,,0.0,,,129.73958333333334,0.0,,,,,,,0.0,386.0,,386.0,
,3617926,"Frisco Quilted Orthopedic Pillow Lounger Cat & Dog Bed with Removable Cover, Gray, XXX-Large",PMJ,PMJ,JADESCHACK,,5,0.554338125,613.0,2026-01-01 00:00:00,,,,,,0.0,,,129.73958333333334,0.0,,,,,,,0.0,613.0,,613.0,0.0
,3619374,"Frisco Sherpa Bolster Cat & Dog Bed, Light Gray Basketweave, Medium",PMJ,PMJ,JADESCHACK,,8,0.3536,766.0,2026-01-01 00:00:00,,,,,,0.0,,,129.73958333333334,0.0,,,,,,,0.0,766.0,,766.0,0.0
,3619382,"Frisco Sherpa Bolster Cat & Dog Bed, Navy Herringbone, Medium",PMJ,PMJ,JADESCHACK,,8,0.3536,821.0,2026-01-01 00:00:00,,,,,,0.0,,,129.73958333333334,0.0,,,,,,,0.0,821.0,,821.0,0.0
,3619390,"Frisco Sherpa Bolster Cat & Dog Bed, Southwest Stripe, Medium",PMJ,PMJ,JADESCHACK,,8,0.3536,564.0,2026-01-01 00:00:00,,,,,,0.0,,,129.73958333333334,0.0,,,,,,,0.0,564.0,,564.0,0.0
,3619398,"Frisco Sherpa Bolster Cat & Dog Bed, Gray, Medium",PMJ,PMJ,JADESCHACK,,8,0.3536,613.0,2026-01-01 00:00:00,,,,,,0.0,,,129.73958333333334,0.0,,,,,,,0.0,613.0,,613.0,0.0
,3628142,"Frisco Velvet Quilted Bolster Cat & Dog Bed, Beige, Large",PMJ,PMJ,JADESCHACK,,8,0.755115909119999,386.0,2026-01-01 00:00:00,,,,,,0.0,,,129.73958333333334,0.0,,,,,,,0.0,386.0,,386.0,0.0
,3628118,"Frisco Velvet Quilted Bolster Cat & Dog Bed, Gray, Large",PMJ,PMJ,JADESCHACK,,8,0.755115909119999,766.0,2026-01-01 00:00:00,,,,,,0.0,,,129.73958333333334,0.0,,,,,,,0.0,766.0,,766.0,0.0
,2085558,Frisco Capybara Muscle Plush,P20837,KIDS FIRST ASIA CO LTD,KNGO1,2500.0,24,0.11248,2500.0,2026-01-01 00:00:00,,,,,,0.0,,,129.73958333333334,0.0,,,,,,,0.0,2500.0,2520.0,2500.0,0.0
,2085542,Frisco Capybara Plush Squeaky Dog Toy,P20837,KIDS FIRST ASIA CO LTD,KNGO1,2500.0,18,0.067032,2500.0,2026-01-01 00:00:00,,,,,,0.0,,,129.73958333333334,0.0,,,,,,,0.0,2500.0,2502.0,2500.0,0.0
,2085606,"Frisco Character Variety Pack Cat Toy with Silvervine & Catnip, 4 or 5 count",3755,"HANGZHOU TIANYUAN PET PRODUCTS CO., LTD.",JADESCHACK,1500.0,72,0.032042085076992,1500.0,2026-01-01 00:00:00,,,,,,0.0,,,129.73958333333334,0.0,,,,,,,0.0,1500.0,1512.0,1500.0,0.0
,2029310,Frisco Super Jumbo XL Cat Kicker,P20837,KIDS FIRST ASIA CO LTD,KNGO1,1200.0,72,0.075702,1200.0,2026-01-01 00:00:00,,,,,,0.0,,,129.73958333333334,0.0,,,,,,,0.0,1200.0,1224.0,1200.0,0.0
,2031726,Frisco Super Jumbo XL Cat Kicker,P20837,KIDS FIRST ASIA CO LTD,KNGO1,1200.0,48,0.05016,1200.0,2026-01-01 00:00:00,,,,,,0.0,,,129.73958333333334,0.0,,,,,,,0.0,1200.0,1200.0,1200.0,0.0
,2032726,Frisco Wool Cat Toys,P000421,PETTINGZOO SHANGHAI LIMITED,MWILSON,1500.0,48,0.02184,1500.0,2026-01-01 00:00:00,,,,,,0.0,,,129.73958333333334,0.0,,,,,,,0.0,1500.0,1536.0,1500.0,0.0
